<Customization level="0" description="" product-version="20.100">
    <Table TableName="CSAttribute">
        <Column TableName="CSAttribute" ColumnName="Description" ColumnType="string" MaxLength="255" DecimalPrecision="0" DecimalLength="0" IsUnicode="True" />
    </Table>
    <Table TableName="CSAttributeDetail">
        <Column TableName="CSAttributeDetail" ColumnName="Description" ColumnType="string" AllowNull="True" MaxLength="255" DecimalPrecision="0" DecimalLength="0" IsUnicode="True" />
    </Table>
    <Dashboard>
        <data-set>
            <relations format-version="3" relations-version="20190630" main-table="Dashboard">
                <link from="DashboardParameter (DashboardID)" to="Dashboard (DashboardID)" />
                <link from="DashboardParameter (NoteID)" to="DashboardParameterKvExt (RecordID)" type="RowKvExt" />
                <link from="Widget (DashboardID)" to="Dashboard (DashboardID)" type="WeakIfEmpty" isEmpty="OwnerName" />
                <link from="Widget (NoteID)" to="WidgetKvExt (RecordID)" type="RowKvExt" />
                <link from="SiteMap (ScreenID)" to="Dashboard (ScreenID)" />
                <link from="MUIScreen (NodeID)" to="SiteMap (NodeID)" />
                <link from="MUIWorkspace (WorkspaceID)" to="MUIScreen (WorkspaceID)" type="FromMaster" linkname="workspaceToScreen" split-location="yes" updateable="True" />
                <link from="MUISubcategory (SubcategoryID)" to="MUIScreen (SubcategoryID)" type="FromMaster" updateable="True" />
                <link from="MUITile (ScreenID)" to="SiteMap (ScreenID)" />
                <link from="MUIWorkspace (WorkspaceID)" to="MUITile (WorkspaceID)" type="FromMaster" linkname="workspaceToTile" split-location="yes" updateable="True" />
                <link from="MUIArea (AreaID)" to="MUIWorkspace (AreaID)" type="FromMaster" updateable="True" />
                <link from="MUIPinnedScreen (NodeID, WorkspaceID)" to="MUIScreen (NodeID, WorkspaceID)" type="WeakIfEmpty" isEmpty="Username" />
                <link from="MUIFavoriteWorkspace (WorkspaceID)" to="MUIWorkspace (WorkspaceID)" type="WeakIfEmpty" isEmpty="Username" />
            </relations>
            <layout>
                <table name="Dashboard">
                    <table name="DashboardParameter" uplink="(DashboardID) = (DashboardID)">
                        <table name="DashboardParameterKvExt" uplink="(NoteID) = (RecordID)" />
                    </table>
                    <table name="Widget" uplink="(DashboardID) = (DashboardID)">
                        <table name="WidgetKvExt" uplink="(NoteID) = (RecordID)" />
                    </table>
                    <table name="SiteMap" uplink="(ScreenID) = (ScreenID)">
                        <table name="MUIScreen" uplink="(NodeID) = (NodeID)">
                            <table name="MUIPinnedScreen" uplink="(NodeID, WorkspaceID) = (NodeID, WorkspaceID)" />
                        </table>
                        <table name="MUITile" uplink="(ScreenID) = (ScreenID)" />
                    </table>
                </table>
                <table name="MUIWorkspace">
                    <table name="MUIFavoriteWorkspace" uplink="(WorkspaceID) = (WorkspaceID)" />
                </table>
                <table name="MUISubcategory" />
                <table name="MUIArea" />
            </layout>
            <data>
                <Dashboard>
                    <row DashboardID="1000021" Name="Survey View" DefaultOwnerRole="Administrator" ScreenID="DBSU1035" AllowCopy="1" Workspace1Size="0" Workspace2Size="0" IsPortal="0" ExposeViaMobile="1">
                        <DashboardParameter LineNbr="1" Name="SurveyID" IsActive="1" Required="0" ObjectName="PX.Survey.Ext.SurveyCollector" FieldName="SurveyID" DisplayName="Survey ID" IsExpression="0" ColSpan="1" NoteID="3ef0c424-2c7d-ea11-9286-002590bde2bf" />
                        <Widget WidgetID="1000205" Caption="Survey Recipient Devices" Column="1" Row="1" Workspace="0" Width="6" Height="124" Type="PX.Dashboards.Widgets.PXTableWidget" NoteID="211bd20c-ac7d-ea11-9286-002590bde2bf">
                            <column name="Settings"><![CDATA[<?xml version="1.0" encoding="utf-16"?>
<TableSettings>
  <InquiryScreenID>SU401020</InquiryScreenID>
  <AutoHeight>true</AutoHeight>
  <RecordsLimit>30</RecordsLimit>
  <InquiryParameters>
    <InqFieldWithValue>
      <Name>SurveyID</Name>
      <UseDefault>false</UseDefault>
    </InqFieldWithValue>
  </InquiryParameters>
  <FilterRows>
    <WidgetFilterRow>
      <LineNbr>1</LineNbr>
      <IsActive>true</IsActive>
      <OpenBrackets>0</OpenBrackets>
      <DataField>SurveyCollector_surveyID</DataField>
      <Condition>0</Condition>
      <IsParameter>true</IsParameter>
      <Value1>SurveyID</Value1>
      <CloseBrackets>0</CloseBrackets>
      <Operation>A</Operation>
    </WidgetFilterRow>
  </FilterRows>
  <Columns>
    <TableColumn>
      <DataField>SurveyCollector_surveyID_description</DataField>
      <Visible>true</Visible>
      <Position>0</Position>
    </TableColumn>
    <TableColumn>
      <DataField>Users_displayName</DataField>
      <Visible>true</Visible>
      <Position>1</Position>
    </TableColumn>
    <TableColumn>
      <DataField>MobileDevice_deviceModel</DataField>
      <Visible>true</Visible>
      <Position>2</Position>
    </TableColumn>
    <TableColumn>
      <DataField>MobileDevice_deviceName</DataField>
      <Visible>true</Visible>
      <Position>3</Position>
    </TableColumn>
    <TableColumn>
      <DataField>MobileDevice_deviceOS</DataField>
      <Visible>true</Visible>
      <Position>4</Position>
    </TableColumn>
    <TableColumn>
      <DataField>MobileDevice_isConfirmation</DataField>
      <Visible>true</Visible>
      <Position>5</Position>
    </TableColumn>
    <TableColumn>
      <DataField>SurveyCollector_collectorStatus</DataField>
      <Visible>true</Visible>
      <Position>6</Position>
    </TableColumn>
    <TableColumn>
      <DataField>SurveyCollector_collectedDate</DataField>
      <Visible>true</Visible>
      <Position>7</Position>
    </TableColumn>
    <TableColumn>
      <DataField>MobileDevice_userID</DataField>
      <Visible>false</Visible>
    </TableColumn>
    <TableColumn>
      <DataField>SurveyCollector_collectorName</DataField>
      <Visible>false</Visible>
    </TableColumn>
    <TableColumn>
      <DataField>SurveyCollector_surveyID</DataField>
      <Visible>false</Visible>
    </TableColumn>
    <TableColumn>
      <DataField>Users_email</DataField>
      <Visible>false</Visible>
    </TableColumn>
  </Columns>
</TableSettings>]]></column>
                        </Widget>
                        <Widget WidgetID="1000203" Caption="Survey Recipient Status" Column="0" Row="1" Workspace="0" Width="6" Height="124" Type="PX.Dashboards.Widgets.PXTableWidget" NoteID="69e3231b-317d-ea11-9286-002590bde2bf">
                            <column name="Settings"><![CDATA[<?xml version="1.0" encoding="utf-16"?>
<TableSettings>
  <InquiryScreenID>SU401000</InquiryScreenID>
  <AutoHeight>true</AutoHeight>
  <RecordsLimit>30</RecordsLimit>
  <InquiryParameters>
    <InqFieldWithValue>
      <Name>SurveyID</Name>
      <UseDefault>false</UseDefault>
    </InqFieldWithValue>
  </InquiryParameters>
  <FilterRows>
    <WidgetFilterRow>
      <LineNbr>1</LineNbr>
      <IsActive>true</IsActive>
      <OpenBrackets>0</OpenBrackets>
      <DataField>SurveyCollector_surveyID</DataField>
      <Condition>0</Condition>
      <IsParameter>true</IsParameter>
      <Value1>SurveyID</Value1>
      <CloseBrackets>0</CloseBrackets>
      <Operation>A</Operation>
    </WidgetFilterRow>
  </FilterRows>
  <Columns>
    <TableColumn>
      <DataField>SurveyCollector_collectorName</DataField>
      <Visible>true</Visible>
      <Position>0</Position>
    </TableColumn>
    <TableColumn>
      <DataField>SurveyCollector_surveyID_description</DataField>
      <Visible>true</Visible>
      <Position>1</Position>
    </TableColumn>
    <TableColumn>
      <DataField>SurveyCollector_userid</DataField>
      <Visible>true</Visible>
      <Position>2</Position>
    </TableColumn>
    <TableColumn>
      <DataField>SurveyCollector_createdDateTime</DataField>
      <Visible>true</Visible>
      <Position>3</Position>
    </TableColumn>
    <TableColumn>
      <DataField>SurveyCollector_collectedDate</DataField>
      <Visible>true</Visible>
      <Position>4</Position>
    </TableColumn>
    <TableColumn>
      <DataField>SurveyCollector_collectorStatus</DataField>
      <Visible>true</Visible>
      <Position>5</Position>
    </TableColumn>
    <TableColumn>
      <DataField>SurveyCollector_CollectorID</DataField>
      <Visible>false</Visible>
    </TableColumn>
    <TableColumn>
      <DataField>SurveyCollector_surveyID</DataField>
      <Visible>false</Visible>
    </TableColumn>
  </Columns>
</TableSettings>]]></column>
                        </Widget>
                        <Widget WidgetID="1000202" Caption="Survey Pending" Column="3" Row="0" Workspace="0" Width="3" Height="114" Type="PX.Dashboards.Widgets.PXScorecardWidget" NoteID="640d1912-2d7d-ea11-9286-002590bde2bf">
                            <column name="Settings"><![CDATA[<?xml version="1.0" encoding="utf-16"?>
<ScorecardSettings>
  <InquiryScreenID>SU401000</InquiryScreenID>
  <AggregateField>SurveyCollector_CollectorID</AggregateField>
  <AggregateFunction>COUNT</AggregateFunction>
  <NormalColor>#20c997</NormalColor>
  <WarningColor>#ffc109</WarningColor>
  <ErrorColor>#e83e8c</ErrorColor>
  <NormalLevel>1</NormalLevel>
  <ErrorLevel>10</ErrorLevel>
  <Icon>arrow_drop_down_circle_filled</Icon>
  <InquiryParameters>
    <InqFieldWithValue>
      <Name>SurveyID</Name>
      <UseDefault>false</UseDefault>
    </InqFieldWithValue>
  </InquiryParameters>
  <FilterRows>
    <WidgetFilterRow>
      <LineNbr>1</LineNbr>
      <IsActive>true</IsActive>
      <OpenBrackets>0</OpenBrackets>
      <DataField>SurveyCollector_collectorStatus</DataField>
      <Condition>0</Condition>
      <IsParameter>false</IsParameter>
      <Value1>S</Value1>
      <CloseBrackets>0</CloseBrackets>
      <Operation>A</Operation>
    </WidgetFilterRow>
    <WidgetFilterRow>
      <LineNbr>2</LineNbr>
      <IsActive>true</IsActive>
      <OpenBrackets>0</OpenBrackets>
      <DataField>SurveyCollector_surveyID</DataField>
      <Condition>0</Condition>
      <IsParameter>true</IsParameter>
      <Value1>SurveyID</Value1>
      <CloseBrackets>0</CloseBrackets>
      <Operation>A</Operation>
    </WidgetFilterRow>
  </FilterRows>
</ScorecardSettings>]]></column>
                        </Widget>
                        <Widget WidgetID="1000201" Caption="Survey Responded" Column="2" Row="0" Workspace="0" Width="3" Height="114" Type="PX.Dashboards.Widgets.PXScorecardWidget" NoteID="212753d0-2c7d-ea11-9286-002590bde2bf">
                            <column name="Settings"><![CDATA[<?xml version="1.0" encoding="utf-16"?>
<ScorecardSettings>
  <InquiryScreenID>SU401000</InquiryScreenID>
  <AggregateField>SurveyCollector_CollectorID</AggregateField>
  <AggregateFunction>COUNT</AggregateFunction>
  <NormalColor>#20c997</NormalColor>
  <WarningColor>#ffc109</WarningColor>
  <ErrorColor>#e83e8c</ErrorColor>
  <NormalLevel>1</NormalLevel>
  <ErrorLevel>10</ErrorLevel>
  <Icon>check_circle_filled</Icon>
  <InquiryParameters>
    <InqFieldWithValue>
      <Name>SurveyID</Name>
      <UseDefault>false</UseDefault>
    </InqFieldWithValue>
  </InquiryParameters>
  <FilterRows>
    <WidgetFilterRow>
      <LineNbr>1</LineNbr>
      <IsActive>true</IsActive>
      <OpenBrackets>0</OpenBrackets>
      <DataField>SurveyCollector_collectorStatus</DataField>
      <Condition>0</Condition>
      <IsParameter>false</IsParameter>
      <Value1>R</Value1>
      <CloseBrackets>0</CloseBrackets>
      <Operation>A</Operation>
    </WidgetFilterRow>
    <WidgetFilterRow>
      <LineNbr>2</LineNbr>
      <IsActive>true</IsActive>
      <OpenBrackets>0</OpenBrackets>
      <DataField>SurveyCollector_surveyID</DataField>
      <Condition>0</Condition>
      <IsParameter>true</IsParameter>
      <Value1>SurveyID</Value1>
      <CloseBrackets>0</CloseBrackets>
      <Operation>A</Operation>
    </WidgetFilterRow>
  </FilterRows>
</ScorecardSettings>]]></column>
                        </Widget>
                        <Widget WidgetID="1000200" Caption="Survey Recipients" Column="1" Row="0" Workspace="0" Width="3" Height="114" Type="PX.Dashboards.Widgets.PXScorecardWidget" NoteID="e6c73a88-2c7d-ea11-9286-002590bde2bf">
                            <column name="Settings"><![CDATA[<?xml version="1.0" encoding="utf-16"?>
<ScorecardSettings>
  <InquiryScreenID>SU401000</InquiryScreenID>
  <AggregateField>SurveyCollector_CollectorID</AggregateField>
  <AggregateFunction>COUNT</AggregateFunction>
  <NormalColor>#20c997</NormalColor>
  <WarningColor>#ffc109</WarningColor>
  <ErrorColor>#e83e8c</ErrorColor>
  <NormalLevel>1</NormalLevel>
  <ErrorLevel>10</ErrorLevel>
  <InquiryParameters>
    <InqFieldWithValue>
      <Name>SurveyID</Name>
      <UseDefault>false</UseDefault>
    </InqFieldWithValue>
  </InquiryParameters>
  <FilterRows>
    <WidgetFilterRow>
      <LineNbr>1</LineNbr>
      <IsActive>false</IsActive>
      <OpenBrackets>1</OpenBrackets>
      <DataField>SurveyCollector_collectorStatus</DataField>
      <Condition>0</Condition>
      <IsParameter>false</IsParameter>
      <Value1>S</Value1>
      <CloseBrackets>0</CloseBrackets>
      <Operation>O</Operation>
    </WidgetFilterRow>
    <WidgetFilterRow>
      <LineNbr>2</LineNbr>
      <IsActive>false</IsActive>
      <OpenBrackets>0</OpenBrackets>
      <DataField>SurveyCollector_collectorStatus</DataField>
      <Condition>0</Condition>
      <IsParameter>false</IsParameter>
      <Value1>N</Value1>
      <CloseBrackets>1</CloseBrackets>
      <Operation>A</Operation>
    </WidgetFilterRow>
    <WidgetFilterRow>
      <LineNbr>3</LineNbr>
      <IsActive>true</IsActive>
      <OpenBrackets>0</OpenBrackets>
      <DataField>SurveyCollector_surveyID</DataField>
      <Condition>0</Condition>
      <IsParameter>true</IsParameter>
      <Value1>SurveyID</Value1>
      <CloseBrackets>0</CloseBrackets>
      <Operation>A</Operation>
    </WidgetFilterRow>
  </FilterRows>
</ScorecardSettings>]]></column>
                        </Widget>
                        <Widget WidgetID="1000199" Caption="Active Surveys" Column="0" Row="0" Workspace="0" Width="3" Height="114" Type="PX.Dashboards.Widgets.PXScorecardWidget" Settings="&lt;?xml version=&quot;1.0&quot; encoding=&quot;utf-16&quot;?&gt;&#xD;&#xA;&lt;ScorecardSettings&gt;&#xD;&#xA;  &lt;InquiryScreenID&gt;SU2010PL&lt;/InquiryScreenID&gt;&#xD;&#xA;  &lt;AggregateField&gt;Survey_SurveyCD&lt;/AggregateField&gt;&#xD;&#xA;  &lt;AggregateFunction&gt;COUNT&lt;/AggregateFunction&gt;&#xD;&#xA;  &lt;NormalColor&gt;#20c997&lt;/NormalColor&gt;&#xD;&#xA;  &lt;WarningColor&gt;#ffc109&lt;/WarningColor&gt;&#xD;&#xA;  &lt;ErrorColor&gt;#e83e8c&lt;/ErrorColor&gt;&#xD;&#xA;  &lt;NormalLevel&gt;1&lt;/NormalLevel&gt;&#xD;&#xA;  &lt;ErrorLevel&gt;5&lt;/ErrorLevel&gt;&#xD;&#xA;  &lt;Icon&gt;pen_frame&lt;/Icon&gt;&#xD;&#xA;  &lt;FilterRows&gt;&#xD;&#xA;    &lt;WidgetFilterRow&gt;&#xD;&#xA;      &lt;LineNbr&gt;1&lt;/LineNbr&gt;&#xD;&#xA;      &lt;IsActive&gt;true&lt;/IsActive&gt;&#xD;&#xA;      &lt;OpenBrackets&gt;0&lt;/OpenBrackets&gt;&#xD;&#xA;      &lt;DataField&gt;Survey_active&lt;/DataField&gt;&#xD;&#xA;      &lt;Condition&gt;0&lt;/Condition&gt;&#xD;&#xA;      &lt;IsParameter&gt;false&lt;/IsParameter&gt;&#xD;&#xA;      &lt;Value1&gt;True&lt;/Value1&gt;&#xD;&#xA;      &lt;CloseBrackets&gt;0&lt;/CloseBrackets&gt;&#xD;&#xA;      &lt;Operation&gt;A&lt;/Operation&gt;&#xD;&#xA;    &lt;/WidgetFilterRow&gt;&#xD;&#xA;  &lt;/FilterRows&gt;&#xD;&#xA;&lt;/ScorecardSettings&gt;" NoteID="feb61140-2c7d-ea11-9286-002590bde2bf" />
                        <SiteMap Title="Survey View" Url="~/Frames/Default.aspx" NodeID="40edbd00-853c-46a9-a92c-fe76a8b0a106" ParentID="00000000-0000-0000-0000-000000000000">
                            <MUIScreen IsPortal="0" WorkspaceID="1dc1ae6b-e3fb-47d4-a6a1-2671837d80b0" Order="10" SubcategoryID="29d8e453-ee74-405d-abe1-930728d1f9ba">
                                <MUIPinnedScreen IsPortal="0" Username="" IsPinned="1" />
                            </MUIScreen>
                        </SiteMap>
                    </row>
                </Dashboard>
                <MUIWorkspace>
                    <row IsPortal="0" WorkspaceID="1dc1ae6b-e3fb-47d4-a6a1-2671837d80b0" Order="865" Title="Surveys" Icon="check_circle" AreaID="3635ea7d-0975-48ff-b4ac-a870f7e1e8b5" IsSystem="0" />
                </MUIWorkspace>
                <MUISubcategory>
                    <row IsPortal="1" SubcategoryID="29d8e453-ee74-405d-abe1-930728d1f9ba" Order="1478" Name="Dashboards" Icon="" IsSystem="1" />
                    <row IsPortal="0" SubcategoryID="29d8e453-ee74-405d-abe1-930728d1f9ba" Order="1478" Name="Dashboards" Icon="" IsSystem="1" />
                </MUISubcategory>
                <MUIArea>
                    <row IsPortal="0" AreaID="3635ea7d-0975-48ff-b4ac-a870f7e1e8b5" Order="30" Name="Configuration" />
                </MUIArea>
            </data>
        </data-set>
    </Dashboard>
    <File AppRelativePath="Bin\PX.Survey.Ext.dll" />
    <File AppRelativePath="Bin\PX.Survey.Ext.pdb" />
    <File AppRelativePath="Pages\SU\SU101000.aspx" />
    <File AppRelativePath="Pages\SU\SU101000.aspx.cs" />
    <File AppRelativePath="Pages\SU\SU201000.aspx" />
    <File AppRelativePath="Pages\SU\SU201000.aspx.cs" />
    <File AppRelativePath="Pages\SU\SU301000.aspx" />
    <File AppRelativePath="Pages\SU\SU301000.aspx.cs" />
    <File AppRelativePath="Pages\SU\SU501000.aspx" />
    <File AppRelativePath="Pages\SU\SU501000.aspx.cs" />
    <GenericInquiryScreen>
        <data-set>
            <relations format-version="3" relations-version="20190630" main-table="GIDesign" stable-sharing="True" file-name="(Name)">
                <link from="GIFilter (DesignID)" to="GIDesign (DesignID)" />
                <link from="GIGroupBy (DesignID)" to="GIDesign (DesignID)" />
                <link from="GIMassAction (DesignID)" to="GIDesign (DesignID)" />
                <link from="GIMassUpdateField (DesignID)" to="GIDesign (DesignID)" />
                <link from="GINavigationScreen (DesignID)" to="GIDesign (DesignID)" />
                <link from="GINavigationParameter (DesignID, NavigationScreenLineNbr)" to="GINavigationScreen (DesignID, LineNbr)" />
                <link from="GIOn (DesignID, RelationNbr)" to="GIRelation (DesignID, LineNbr)" />
                <link from="GIRecordDefault (DesignID)" to="GIDesign (DesignID)" />
                <link from="GIRelation (DesignID, ParentTable)" to="GITable (DesignID, Alias)" />
                <link from="GIRelation (DesignID, ChildTable)" to="GITable (DesignID, Alias)" />
                <link from="GIResult (DesignID)" to="GIDesign (DesignID)" />
                <link from="GIResult (ObjectName, DesignID)" to="GITable (Alias, DesignID)" />
                <link from="GISort (DesignID)" to="GIDesign (DesignID)" />
                <link from="GITable (DesignID)" to="GIDesign (DesignID)" />
                <link from="GIWhere (DesignID)" to="GIDesign (DesignID)" />
                <link from="SiteMap (Url)" to="GIDesign (DesignID)" type="WeakByUrl" linkname="toDesignById" baseurl="~/GenericInquiry/GenericInquiry.aspx" paramnames="id" />
                <link from="SiteMap (Url)" to="GIDesign (Name)" type="WeakByUrl" linkname="toDesignByName" baseurl="~/GenericInquiry/GenericInquiry.aspx" />
                <link from="ListEntryPoint (ListScreenID)" to="SiteMap (ScreenID)" />
                <link from="SiteMap (ScreenID)" to="GIDesign (PrimaryScreenIDNew)" linkname="to1Screen" />
                <link from="FilterHeader (ScreenID)" to="SiteMap (ScreenID)" />
                <link from="FilterRow (FilterID)" to="FilterHeader (FilterID)" />
                <link from="PivotTable (NoteID)" to="FilterHeader (RefNoteID)" />
                <link from="PivotField (ScreenID, PivotTableID)" to="PivotTable (ScreenID, PivotTableID)" />
                <link from="MUIScreen (NodeID)" to="SiteMap (NodeID)" />
                <link from="MUIWorkspace (WorkspaceID)" to="MUIScreen (WorkspaceID)" type="FromMaster" linkname="workspaceToScreen" split-location="yes" updateable="True" />
                <link from="MUISubcategory (SubcategoryID)" to="MUIScreen (SubcategoryID)" type="FromMaster" updateable="True" />
                <link from="MUITile (ScreenID)" to="SiteMap (ScreenID)" />
                <link from="MUIWorkspace (WorkspaceID)" to="MUITile (WorkspaceID)" type="FromMaster" linkname="workspaceToTile" split-location="yes" updateable="True" />
                <link from="MUIArea (AreaID)" to="MUIWorkspace (AreaID)" type="FromMaster" updateable="True" />
                <link from="MUIPinnedScreen (NodeID, WorkspaceID)" to="MUIScreen (NodeID, WorkspaceID)" type="WeakIfEmpty" isEmpty="Username" />
                <link from="MUIFavoriteWorkspace (WorkspaceID)" to="MUIWorkspace (WorkspaceID)" type="WeakIfEmpty" isEmpty="Username" />
                <link from="GIDesign (NoteID)" to="Note (NoteID)" type="Note" />
                <link from="GIFilter (NoteID)" to="Note (NoteID)" type="Note" />
                <link from="GIFilter (NoteID)" to="GIFilterKvExt (RecordID)" type="RowKvExt" />
                <link from="GIGroupBy (NoteID)" to="Note (NoteID)" type="Note" />
                <link from="GIOn (NoteID)" to="Note (NoteID)" type="Note" />
                <link from="GIRelation (NoteID)" to="Note (NoteID)" type="Note" />
                <link from="GIResult (NoteID)" to="Note (NoteID)" type="Note" />
                <link from="GIResult (NoteID)" to="GIResultKvExt (RecordID)" type="RowKvExt" />
                <link from="GISort (NoteID)" to="Note (NoteID)" type="Note" />
                <link from="GITable (NoteID)" to="Note (NoteID)" type="Note" />
                <link from="GIWhere (NoteID)" to="Note (NoteID)" type="Note" />
                <link from="FilterHeader (NoteID)" to="Note (NoteID)" type="Note" />
            </relations>
            <layout>
                <table name="GIDesign">
                    <table name="GIFilter" uplink="(DesignID) = (DesignID)">
                        <table name="Note" uplink="(NoteID) = (NoteID)" />
                        <table name="GIFilterKvExt" uplink="(NoteID) = (RecordID)" />
                    </table>
                    <table name="GIGroupBy" uplink="(DesignID) = (DesignID)">
                        <table name="Note" uplink="(NoteID) = (NoteID)" />
                    </table>
                    <table name="GIMassAction" uplink="(DesignID) = (DesignID)" />
                    <table name="GIMassUpdateField" uplink="(DesignID) = (DesignID)" />
                    <table name="GINavigationScreen" uplink="(DesignID) = (DesignID)">
                        <table name="GINavigationParameter" uplink="(DesignID, LineNbr) = (DesignID, NavigationScreenLineNbr)" />
                    </table>
                    <table name="GIRecordDefault" uplink="(DesignID) = (DesignID)" />
                    <table name="GISort" uplink="(DesignID) = (DesignID)">
                        <table name="Note" uplink="(NoteID) = (NoteID)" />
                    </table>
                    <table name="GITable" uplink="(DesignID) = (DesignID)">
                        <table name="GIRelation" uplink="(DesignID, Alias) = (DesignID, ParentTable)">
                            <table name="GIOn" uplink="(DesignID, LineNbr) = (DesignID, RelationNbr)">
                                <table name="Note" uplink="(NoteID) = (NoteID)" />
                            </table>
                            <table name="Note" uplink="(NoteID) = (NoteID)" />
                        </table>
                        <table name="GIResult" uplink="(Alias, DesignID) = (ObjectName, DesignID)">
                            <table name="Note" uplink="(NoteID) = (NoteID)" />
                            <table name="GIResultKvExt" uplink="(NoteID) = (RecordID)" />
                        </table>
                        <table name="Note" uplink="(NoteID) = (NoteID)" />
                    </table>
                    <table name="GIWhere" uplink="(DesignID) = (DesignID)">
                        <table name="Note" uplink="(NoteID) = (NoteID)" />
                    </table>
                    <table name="SiteMap" uplink="(DesignID) = (Url)" linkname="toDesignById">
                        <table name="ListEntryPoint" uplink="(ScreenID) = (ListScreenID)" />
                        <table name="FilterHeader" uplink="(ScreenID) = (ScreenID)">
                            <table name="FilterRow" uplink="(FilterID) = (FilterID)" />
                            <table name="PivotTable" uplink="(RefNoteID) = (NoteID)">
                                <table name="PivotField" uplink="(ScreenID, PivotTableID) = (ScreenID, PivotTableID)" />
                            </table>
                            <table name="Note" uplink="(NoteID) = (NoteID)" />
                        </table>
                        <table name="MUIScreen" uplink="(NodeID) = (NodeID)">
                            <table name="MUIPinnedScreen" uplink="(NodeID, WorkspaceID) = (NodeID, WorkspaceID)" />
                        </table>
                        <table name="MUITile" uplink="(ScreenID) = (ScreenID)" />
                    </table>
                    <table name="SiteMap" uplink="(Name) = (Url)" linkname="toDesignByName">
                        <table name="ListEntryPoint" uplink="(ScreenID) = (ListScreenID)" />
                        <table name="FilterHeader" uplink="(ScreenID) = (ScreenID)">
                            <table name="FilterRow" uplink="(FilterID) = (FilterID)" />
                            <table name="PivotTable" uplink="(RefNoteID) = (NoteID)">
                                <table name="PivotField" uplink="(ScreenID, PivotTableID) = (ScreenID, PivotTableID)" />
                            </table>
                            <table name="Note" uplink="(NoteID) = (NoteID)" />
                        </table>
                        <table name="MUIScreen" uplink="(NodeID) = (NodeID)">
                            <table name="MUIPinnedScreen" uplink="(NodeID, WorkspaceID) = (NodeID, WorkspaceID)" />
                        </table>
                        <table name="MUITile" uplink="(ScreenID) = (ScreenID)" />
                    </table>
                    <table name="SiteMap" uplink="(PrimaryScreenIDNew) = (ScreenID)" linkname="to1Screen">
                        <table name="ListEntryPoint" uplink="(ScreenID) = (ListScreenID)" />
                        <table name="FilterHeader" uplink="(ScreenID) = (ScreenID)">
                            <table name="FilterRow" uplink="(FilterID) = (FilterID)" />
                            <table name="PivotTable" uplink="(RefNoteID) = (NoteID)">
                                <table name="PivotField" uplink="(ScreenID, PivotTableID) = (ScreenID, PivotTableID)" />
                            </table>
                            <table name="Note" uplink="(NoteID) = (NoteID)" />
                        </table>
                        <table name="MUIScreen" uplink="(NodeID) = (NodeID)">
                            <table name="MUIPinnedScreen" uplink="(NodeID, WorkspaceID) = (NodeID, WorkspaceID)" />
                        </table>
                        <table name="MUITile" uplink="(ScreenID) = (ScreenID)" />
                    </table>
                    <table name="Note" uplink="(NoteID) = (NoteID)" />
                </table>
                <table name="MUIWorkspace">
                    <table name="MUIFavoriteWorkspace" uplink="(WorkspaceID) = (WorkspaceID)" />
                </table>
                <table name="MUISubcategory" />
                <table name="MUIArea" />
            </layout>
            <data>
                <GIDesign>
                    <row DesignID="4a0944e9-3ccb-4048-ae6a-6f3070f96baa" Name="Survey" FilterColCount="3" PageSize="0" ExportTop="0" PrimaryScreenIDNew="SU201000" NewRecordCreationEnabled="1" MassDeleteEnabled="0" AutoConfirmDelete="0" MassRecordsUpdateEnabled="0" MassActionsOnRecordsEnabled="0" ExposeViaOData="0" ExposeViaMobile="0">
                        <GINavigationScreen ScreenID="SU201000" LineNbr="1" WindowMode="I">
                            <GINavigationParameter LineNbr="1" FieldName="SurveyCD" ParameterName="Survey.surveyCD" IsExpression="0" />
                        </GINavigationScreen>
                        <GITable Alias="Survey" Name="PX.Survey.Ext.Survey">
                            <GIResult LineNbr="6" SortOrder="1" IsActive="1" Field="active" IsVisible="1" DefaultNav="0" QuickFilter="0" FastFilter="1" RowID="679410c1-36e8-4e76-abc2-d47deda101d9" />
                            <GIResult LineNbr="5" SortOrder="5" IsActive="1" Field="createdByID_description" Width="220" IsVisible="1" DefaultNav="0" QuickFilter="0" FastFilter="1" RowID="8a378b40-0321-4dfa-9f5f-7d78d2f3c482" />
                            <GIResult LineNbr="4" SortOrder="4" IsActive="1" Field="createdDateTime" Width="180" IsVisible="1" DefaultNav="0" QuickFilter="0" FastFilter="0" RowID="a7c14694-d574-4e7a-8fce-788133bad0be" />
                            <GIResult LineNbr="3" SortOrder="3" IsActive="1" Field="surveyName" IsVisible="1" DefaultNav="0" QuickFilter="0" FastFilter="1" RowID="50469f36-b244-4b22-8790-a2433badb4d0" />
                            <GIResult LineNbr="2" SortOrder="2" IsActive="1" Field="surveyCD" IsVisible="1" DefaultNav="0" NavigationNbr="1" QuickFilter="0" FastFilter="1" RowID="8695ce44-c872-44be-b402-b6062b78d966" />
                        </GITable>
                        <SiteMap linkname="toDesignById">
                            <row Title="Survey" Url="~/GenericInquiry/GenericInquiry.aspx?id=4a0944e9-3ccb-4048-ae6a-6f3070f96baa" ScreenID="SU2010PL" NodeID="36f8b229-e837-4339-8bca-0cf6bd644773" ParentID="00000000-0000-0000-0000-000000000000">
                                <ListEntryPoint EntryScreenID="SU201000" IsActive="1" />
                                <MUIScreen IsPortal="0" WorkspaceID="1dc1ae6b-e3fb-47d4-a6a1-2671837d80b0" Order="20" SubcategoryID="98e86774-69e3-41ea-b94f-eb2c7a8426d4" />
                            </row>
                        </SiteMap>
                        <SiteMap linkname="to1Screen">
                            <row Title="Survey" Url="~/Pages/SU/SU201000.aspx" NodeID="aee72d24-5284-49ec-a463-5c58e4efdf70" ParentID="00000000-0000-0000-0000-000000000000">
                                <MUIScreen IsPortal="0" WorkspaceID="1dc1ae6b-e3fb-47d4-a6a1-2671837d80b0" Order="10" SubcategoryID="38d13a6e-3076-42fb-9fce-62fa33897da6" />
                            </row>
                        </SiteMap>
                    </row>
                </GIDesign>
                <MUIWorkspace>
                    <row IsPortal="0" WorkspaceID="1dc1ae6b-e3fb-47d4-a6a1-2671837d80b0" Order="865" Title="Surveys" Icon="check_circle" AreaID="3635ea7d-0975-48ff-b4ac-a870f7e1e8b5" IsSystem="0" />
                </MUIWorkspace>
                <MUISubcategory>
                    <row IsPortal="1" SubcategoryID="98e86774-69e3-41ea-b94f-eb2c7a8426d4" Order="896" Name="Inquiries" Icon="" IsSystem="1" />
                    <row IsPortal="0" SubcategoryID="98e86774-69e3-41ea-b94f-eb2c7a8426d4" Order="896" Name="Inquiries" Icon="" IsSystem="1" />
                    <row IsPortal="0" SubcategoryID="38d13a6e-3076-42fb-9fce-62fa33897da6" Order="64" Name="Transactions" Icon="" IsSystem="0" />
                </MUISubcategory>
                <MUIArea>
                    <row IsPortal="0" AreaID="3635ea7d-0975-48ff-b4ac-a870f7e1e8b5" Order="30" Name="Configuration" />
                </MUIArea>
            </data>
        </data-set>
    </GenericInquiryScreen>
    <GenericInquiryScreen>
        <data-set>
            <relations format-version="3" relations-version="20190630" main-table="GIDesign" stable-sharing="True" file-name="(Name)">
                <link from="GIFilter (DesignID)" to="GIDesign (DesignID)" />
                <link from="GIGroupBy (DesignID)" to="GIDesign (DesignID)" />
                <link from="GIMassAction (DesignID)" to="GIDesign (DesignID)" />
                <link from="GIMassUpdateField (DesignID)" to="GIDesign (DesignID)" />
                <link from="GINavigationScreen (DesignID)" to="GIDesign (DesignID)" />
                <link from="GINavigationParameter (DesignID, NavigationScreenLineNbr)" to="GINavigationScreen (DesignID, LineNbr)" />
                <link from="GIOn (DesignID, RelationNbr)" to="GIRelation (DesignID, LineNbr)" />
                <link from="GIRecordDefault (DesignID)" to="GIDesign (DesignID)" />
                <link from="GIRelation (DesignID, ParentTable)" to="GITable (DesignID, Alias)" />
                <link from="GIRelation (DesignID, ChildTable)" to="GITable (DesignID, Alias)" />
                <link from="GIResult (DesignID)" to="GIDesign (DesignID)" />
                <link from="GIResult (ObjectName, DesignID)" to="GITable (Alias, DesignID)" />
                <link from="GISort (DesignID)" to="GIDesign (DesignID)" />
                <link from="GITable (DesignID)" to="GIDesign (DesignID)" />
                <link from="GIWhere (DesignID)" to="GIDesign (DesignID)" />
                <link from="SiteMap (Url)" to="GIDesign (DesignID)" type="WeakByUrl" linkname="toDesignById" baseurl="~/GenericInquiry/GenericInquiry.aspx" paramnames="id" />
                <link from="SiteMap (Url)" to="GIDesign (Name)" type="WeakByUrl" linkname="toDesignByName" baseurl="~/GenericInquiry/GenericInquiry.aspx" />
                <link from="ListEntryPoint (ListScreenID)" to="SiteMap (ScreenID)" />
                <link from="SiteMap (ScreenID)" to="GIDesign (PrimaryScreenIDNew)" linkname="to1Screen" />
                <link from="FilterHeader (ScreenID)" to="SiteMap (ScreenID)" />
                <link from="FilterRow (FilterID)" to="FilterHeader (FilterID)" />
                <link from="PivotTable (NoteID)" to="FilterHeader (RefNoteID)" />
                <link from="PivotField (ScreenID, PivotTableID)" to="PivotTable (ScreenID, PivotTableID)" />
                <link from="MUIScreen (NodeID)" to="SiteMap (NodeID)" />
                <link from="MUIWorkspace (WorkspaceID)" to="MUIScreen (WorkspaceID)" type="FromMaster" linkname="workspaceToScreen" split-location="yes" updateable="True" />
                <link from="MUISubcategory (SubcategoryID)" to="MUIScreen (SubcategoryID)" type="FromMaster" updateable="True" />
                <link from="MUITile (ScreenID)" to="SiteMap (ScreenID)" />
                <link from="MUIWorkspace (WorkspaceID)" to="MUITile (WorkspaceID)" type="FromMaster" linkname="workspaceToTile" split-location="yes" updateable="True" />
                <link from="MUIArea (AreaID)" to="MUIWorkspace (AreaID)" type="FromMaster" updateable="True" />
                <link from="MUIPinnedScreen (NodeID, WorkspaceID)" to="MUIScreen (NodeID, WorkspaceID)" type="WeakIfEmpty" isEmpty="Username" />
                <link from="MUIFavoriteWorkspace (WorkspaceID)" to="MUIWorkspace (WorkspaceID)" type="WeakIfEmpty" isEmpty="Username" />
                <link from="GIDesign (NoteID)" to="Note (NoteID)" type="Note" />
                <link from="GIFilter (NoteID)" to="Note (NoteID)" type="Note" />
                <link from="GIFilter (NoteID)" to="GIFilterKvExt (RecordID)" type="RowKvExt" />
                <link from="GIGroupBy (NoteID)" to="Note (NoteID)" type="Note" />
                <link from="GIOn (NoteID)" to="Note (NoteID)" type="Note" />
                <link from="GIRelation (NoteID)" to="Note (NoteID)" type="Note" />
                <link from="GIResult (NoteID)" to="Note (NoteID)" type="Note" />
                <link from="GIResult (NoteID)" to="GIResultKvExt (RecordID)" type="RowKvExt" />
                <link from="GISort (NoteID)" to="Note (NoteID)" type="Note" />
                <link from="GITable (NoteID)" to="Note (NoteID)" type="Note" />
                <link from="GIWhere (NoteID)" to="Note (NoteID)" type="Note" />
                <link from="FilterHeader (NoteID)" to="Note (NoteID)" type="Note" />
            </relations>
            <layout>
                <table name="GIDesign">
                    <table name="GIFilter" uplink="(DesignID) = (DesignID)">
                        <table name="Note" uplink="(NoteID) = (NoteID)" />
                        <table name="GIFilterKvExt" uplink="(NoteID) = (RecordID)" />
                    </table>
                    <table name="GIGroupBy" uplink="(DesignID) = (DesignID)">
                        <table name="Note" uplink="(NoteID) = (NoteID)" />
                    </table>
                    <table name="GIMassAction" uplink="(DesignID) = (DesignID)" />
                    <table name="GIMassUpdateField" uplink="(DesignID) = (DesignID)" />
                    <table name="GINavigationScreen" uplink="(DesignID) = (DesignID)">
                        <table name="GINavigationParameter" uplink="(DesignID, LineNbr) = (DesignID, NavigationScreenLineNbr)" />
                    </table>
                    <table name="GIRecordDefault" uplink="(DesignID) = (DesignID)" />
                    <table name="GISort" uplink="(DesignID) = (DesignID)">
                        <table name="Note" uplink="(NoteID) = (NoteID)" />
                    </table>
                    <table name="GITable" uplink="(DesignID) = (DesignID)">
                        <table name="GIRelation" uplink="(DesignID, Alias) = (DesignID, ParentTable)">
                            <table name="GIOn" uplink="(DesignID, LineNbr) = (DesignID, RelationNbr)">
                                <table name="Note" uplink="(NoteID) = (NoteID)" />
                            </table>
                            <table name="Note" uplink="(NoteID) = (NoteID)" />
                        </table>
                        <table name="GIResult" uplink="(Alias, DesignID) = (ObjectName, DesignID)">
                            <table name="Note" uplink="(NoteID) = (NoteID)" />
                            <table name="GIResultKvExt" uplink="(NoteID) = (RecordID)" />
                        </table>
                        <table name="Note" uplink="(NoteID) = (NoteID)" />
                    </table>
                    <table name="GIWhere" uplink="(DesignID) = (DesignID)">
                        <table name="Note" uplink="(NoteID) = (NoteID)" />
                    </table>
                    <table name="SiteMap" uplink="(DesignID) = (Url)" linkname="toDesignById">
                        <table name="ListEntryPoint" uplink="(ScreenID) = (ListScreenID)" />
                        <table name="FilterHeader" uplink="(ScreenID) = (ScreenID)">
                            <table name="FilterRow" uplink="(FilterID) = (FilterID)" />
                            <table name="PivotTable" uplink="(RefNoteID) = (NoteID)">
                                <table name="PivotField" uplink="(ScreenID, PivotTableID) = (ScreenID, PivotTableID)" />
                            </table>
                            <table name="Note" uplink="(NoteID) = (NoteID)" />
                        </table>
                        <table name="MUIScreen" uplink="(NodeID) = (NodeID)">
                            <table name="MUIPinnedScreen" uplink="(NodeID, WorkspaceID) = (NodeID, WorkspaceID)" />
                        </table>
                        <table name="MUITile" uplink="(ScreenID) = (ScreenID)" />
                    </table>
                    <table name="SiteMap" uplink="(Name) = (Url)" linkname="toDesignByName">
                        <table name="ListEntryPoint" uplink="(ScreenID) = (ListScreenID)" />
                        <table name="FilterHeader" uplink="(ScreenID) = (ScreenID)">
                            <table name="FilterRow" uplink="(FilterID) = (FilterID)" />
                            <table name="PivotTable" uplink="(RefNoteID) = (NoteID)">
                                <table name="PivotField" uplink="(ScreenID, PivotTableID) = (ScreenID, PivotTableID)" />
                            </table>
                            <table name="Note" uplink="(NoteID) = (NoteID)" />
                        </table>
                        <table name="MUIScreen" uplink="(NodeID) = (NodeID)">
                            <table name="MUIPinnedScreen" uplink="(NodeID, WorkspaceID) = (NodeID, WorkspaceID)" />
                        </table>
                        <table name="MUITile" uplink="(ScreenID) = (ScreenID)" />
                    </table>
                    <table name="SiteMap" uplink="(PrimaryScreenIDNew) = (ScreenID)" linkname="to1Screen">
                        <table name="ListEntryPoint" uplink="(ScreenID) = (ListScreenID)" />
                        <table name="FilterHeader" uplink="(ScreenID) = (ScreenID)">
                            <table name="FilterRow" uplink="(FilterID) = (FilterID)" />
                            <table name="PivotTable" uplink="(RefNoteID) = (NoteID)">
                                <table name="PivotField" uplink="(ScreenID, PivotTableID) = (ScreenID, PivotTableID)" />
                            </table>
                            <table name="Note" uplink="(NoteID) = (NoteID)" />
                        </table>
                        <table name="MUIScreen" uplink="(NodeID) = (NodeID)">
                            <table name="MUIPinnedScreen" uplink="(NodeID, WorkspaceID) = (NodeID, WorkspaceID)" />
                        </table>
                        <table name="MUITile" uplink="(ScreenID) = (ScreenID)" />
                    </table>
                    <table name="Note" uplink="(NoteID) = (NoteID)" />
                </table>
                <table name="MUIWorkspace">
                    <table name="MUIFavoriteWorkspace" uplink="(WorkspaceID) = (WorkspaceID)" />
                </table>
                <table name="MUISubcategory" />
                <table name="MUIArea" />
            </layout>
            <data>
                <GIDesign>
                    <row DesignID="5bec58a4-674e-4ebe-b3e2-3cdc4dbeba92" Name="Survey Response" FilterColCount="3" PageSize="0" ExportTop="0" PrimaryScreenIDNew="SU301000" NewRecordCreationEnabled="0" MassDeleteEnabled="0" AutoConfirmDelete="0" MassRecordsUpdateEnabled="0" MassActionsOnRecordsEnabled="0" ExposeViaOData="0" ExposeViaMobile="0">
                        <GINavigationScreen ScreenID="SU301000" LineNbr="1" WindowMode="I">
                            <GINavigationParameter LineNbr="1" FieldName="CollectorID" ParameterName="SurveyCollector.collectorID" IsExpression="0" />
                        </GINavigationScreen>
                        <GITable Alias="SurveyCollector" Name="PX.Survey.Ext.SurveyCollector">
                            <GIResult LineNbr="9" SortOrder="9" IsActive="1" Field="surveyID" IsVisible="0" DefaultNav="0" QuickFilter="0" FastFilter="1" RowID="58762ef0-98e1-4a2b-a86e-aaa54bc2c334" />
                            <GIResult LineNbr="8" SortOrder="8" IsActive="1" Field="noteID" IsVisible="0" DefaultNav="1" QuickFilter="0" FastFilter="0" RowID="0adb62a9-4af0-4497-92c4-2de6a2d5517e" />
                            <GIResult LineNbr="7" SortOrder="7" IsActive="1" Field="collectorStatus" IsVisible="1" DefaultNav="0" QuickFilter="0" FastFilter="1" RowID="7f4bfbdc-522d-45d1-9f2a-e5d02a26e37e" />
                            <GIResult LineNbr="6" SortOrder="6" IsActive="1" Field="collectedDate" IsVisible="1" DefaultNav="0" QuickFilter="0" FastFilter="0" RowID="ce6d1bed-798f-41cd-bdb3-340f8cc68396" />
                            <GIResult LineNbr="5" SortOrder="5" IsActive="1" Field="createdDateTime" IsVisible="1" DefaultNav="0" QuickFilter="0" FastFilter="0" RowID="9d66c86a-effe-450d-afe4-b83c9124829a" />
                            <GIResult LineNbr="4" SortOrder="4" IsActive="1" Field="userID" IsVisible="1" DefaultNav="1" QuickFilter="0" FastFilter="0" RowID="6996ceff-0cc7-4792-992b-998d7b6da3e1" />
                            <GIResult LineNbr="3" SortOrder="3" IsActive="1" Field="surveyID_description" IsVisible="1" DefaultNav="0" QuickFilter="0" FastFilter="1" RowID="be5dc7e5-d6af-4bb3-b972-0eb30810abeb" />
                            <GIResult LineNbr="2" SortOrder="2" IsActive="1" Field="collectorName" IsVisible="1" DefaultNav="0" QuickFilter="0" FastFilter="1" RowID="83a25182-2640-4499-9538-11777db59a50" />
                            <GIResult LineNbr="1" SortOrder="1" IsActive="1" Field="collectorID" IsVisible="0" DefaultNav="0" NavigationNbr="1" QuickFilter="0" FastFilter="1" RowID="5358f5d1-7932-4bf6-a148-b12f53d391d6" />
                        </GITable>
                        <GIWhere LineNbr="1" IsActive="1" DataFieldName="SurveyCollector.userID" Condition="E " IsExpression="0" Value1="@me" Operation="A" />
                        <SiteMap linkname="toDesignById">
                            <row Title="Survey Response" Url="~/GenericInquiry/GenericInquiry.aspx?id=5bec58a4-674e-4ebe-b3e2-3cdc4dbeba92" ScreenID="SU3010PL" NodeID="919c7f9d-1b38-402c-ab12-410873432a5a" ParentID="00000000-0000-0000-0000-000000000000">
                                <ListEntryPoint EntryScreenID="SU301010" IsActive="1" />
                                <ListEntryPoint EntryScreenID="SU301000" IsActive="1" />
                                <MUIScreen IsPortal="0" WorkspaceID="1dc1ae6b-e3fb-47d4-a6a1-2671837d80b0" Order="10" SubcategoryID="98e86774-69e3-41ea-b94f-eb2c7a8426d4" />
                            </row>
                        </SiteMap>
                        <SiteMap linkname="to1Screen">
                            <row Position="5960" Title="Survey Response" Url="~/Pages/SU/SU301000.aspx" NodeID="5bdbd293-bbc8-47e1-b4ea-949c5f5b94a1" ParentID="00000000-0000-0000-0000-000000000000">
                                <MUIScreen IsPortal="0" WorkspaceID="1dc1ae6b-e3fb-47d4-a6a1-2671837d80b0" Order="20" SubcategoryID="38d13a6e-3076-42fb-9fce-62fa33897da6" />
                            </row>
                        </SiteMap>
                    </row>
                </GIDesign>
                <MUIWorkspace>
                    <row IsPortal="0" WorkspaceID="1dc1ae6b-e3fb-47d4-a6a1-2671837d80b0" Order="865" Title="Surveys" Icon="check_circle" AreaID="3635ea7d-0975-48ff-b4ac-a870f7e1e8b5" IsSystem="0" />
                </MUIWorkspace>
                <MUISubcategory>
                    <row IsPortal="1" SubcategoryID="98e86774-69e3-41ea-b94f-eb2c7a8426d4" Order="896" Name="Inquiries" Icon="" IsSystem="1" />
                    <row IsPortal="0" SubcategoryID="98e86774-69e3-41ea-b94f-eb2c7a8426d4" Order="896" Name="Inquiries" Icon="" IsSystem="1" />
                    <row IsPortal="0" SubcategoryID="38d13a6e-3076-42fb-9fce-62fa33897da6" Order="64" Name="Transactions" Icon="" IsSystem="0" />
                </MUISubcategory>
                <MUIArea>
                    <row IsPortal="0" AreaID="3635ea7d-0975-48ff-b4ac-a870f7e1e8b5" Order="30" Name="Configuration" />
                </MUIArea>
            </data>
        </data-set>
    </GenericInquiryScreen>
    <GenericInquiryScreen>
        <data-set>
            <relations format-version="3" relations-version="20190630" main-table="GIDesign" stable-sharing="True" file-name="(Name)">
                <link from="GIFilter (DesignID)" to="GIDesign (DesignID)" />
                <link from="GIGroupBy (DesignID)" to="GIDesign (DesignID)" />
                <link from="GIMassAction (DesignID)" to="GIDesign (DesignID)" />
                <link from="GIMassUpdateField (DesignID)" to="GIDesign (DesignID)" />
                <link from="GINavigationScreen (DesignID)" to="GIDesign (DesignID)" />
                <link from="GINavigationParameter (DesignID, NavigationScreenLineNbr)" to="GINavigationScreen (DesignID, LineNbr)" />
                <link from="GIOn (DesignID, RelationNbr)" to="GIRelation (DesignID, LineNbr)" />
                <link from="GIRecordDefault (DesignID)" to="GIDesign (DesignID)" />
                <link from="GIRelation (DesignID, ParentTable)" to="GITable (DesignID, Alias)" />
                <link from="GIRelation (DesignID, ChildTable)" to="GITable (DesignID, Alias)" />
                <link from="GIResult (DesignID)" to="GIDesign (DesignID)" />
                <link from="GIResult (ObjectName, DesignID)" to="GITable (Alias, DesignID)" />
                <link from="GISort (DesignID)" to="GIDesign (DesignID)" />
                <link from="GITable (DesignID)" to="GIDesign (DesignID)" />
                <link from="GIWhere (DesignID)" to="GIDesign (DesignID)" />
                <link from="SiteMap (Url)" to="GIDesign (DesignID)" type="WeakByUrl" linkname="toDesignById" baseurl="~/GenericInquiry/GenericInquiry.aspx" paramnames="id" />
                <link from="SiteMap (Url)" to="GIDesign (Name)" type="WeakByUrl" linkname="toDesignByName" baseurl="~/GenericInquiry/GenericInquiry.aspx" />
                <link from="ListEntryPoint (ListScreenID)" to="SiteMap (ScreenID)" />
                <link from="SiteMap (ScreenID)" to="GIDesign (PrimaryScreenIDNew)" linkname="to1Screen" />
                <link from="FilterHeader (ScreenID)" to="SiteMap (ScreenID)" />
                <link from="FilterRow (FilterID)" to="FilterHeader (FilterID)" />
                <link from="PivotTable (NoteID)" to="FilterHeader (RefNoteID)" />
                <link from="PivotField (ScreenID, PivotTableID)" to="PivotTable (ScreenID, PivotTableID)" />
                <link from="MUIScreen (NodeID)" to="SiteMap (NodeID)" />
                <link from="MUIWorkspace (WorkspaceID)" to="MUIScreen (WorkspaceID)" type="FromMaster" linkname="workspaceToScreen" split-location="yes" updateable="True" />
                <link from="MUISubcategory (SubcategoryID)" to="MUIScreen (SubcategoryID)" type="FromMaster" updateable="True" />
                <link from="MUITile (ScreenID)" to="SiteMap (ScreenID)" />
                <link from="MUIWorkspace (WorkspaceID)" to="MUITile (WorkspaceID)" type="FromMaster" linkname="workspaceToTile" split-location="yes" updateable="True" />
                <link from="MUIArea (AreaID)" to="MUIWorkspace (AreaID)" type="FromMaster" updateable="True" />
                <link from="MUIPinnedScreen (NodeID, WorkspaceID)" to="MUIScreen (NodeID, WorkspaceID)" type="WeakIfEmpty" isEmpty="Username" />
                <link from="MUIFavoriteWorkspace (WorkspaceID)" to="MUIWorkspace (WorkspaceID)" type="WeakIfEmpty" isEmpty="Username" />
                <link from="GIDesign (NoteID)" to="Note (NoteID)" type="Note" />
                <link from="GIFilter (NoteID)" to="Note (NoteID)" type="Note" />
                <link from="GIFilter (NoteID)" to="GIFilterKvExt (RecordID)" type="RowKvExt" />
                <link from="GIGroupBy (NoteID)" to="Note (NoteID)" type="Note" />
                <link from="GIOn (NoteID)" to="Note (NoteID)" type="Note" />
                <link from="GIRelation (NoteID)" to="Note (NoteID)" type="Note" />
                <link from="GIResult (NoteID)" to="Note (NoteID)" type="Note" />
                <link from="GIResult (NoteID)" to="GIResultKvExt (RecordID)" type="RowKvExt" />
                <link from="GISort (NoteID)" to="Note (NoteID)" type="Note" />
                <link from="GITable (NoteID)" to="Note (NoteID)" type="Note" />
                <link from="GIWhere (NoteID)" to="Note (NoteID)" type="Note" />
                <link from="FilterHeader (NoteID)" to="Note (NoteID)" type="Note" />
            </relations>
            <layout>
                <table name="GIDesign">
                    <table name="GIFilter" uplink="(DesignID) = (DesignID)">
                        <table name="Note" uplink="(NoteID) = (NoteID)" />
                        <table name="GIFilterKvExt" uplink="(NoteID) = (RecordID)" />
                    </table>
                    <table name="GIGroupBy" uplink="(DesignID) = (DesignID)">
                        <table name="Note" uplink="(NoteID) = (NoteID)" />
                    </table>
                    <table name="GIMassAction" uplink="(DesignID) = (DesignID)" />
                    <table name="GIMassUpdateField" uplink="(DesignID) = (DesignID)" />
                    <table name="GINavigationScreen" uplink="(DesignID) = (DesignID)">
                        <table name="GINavigationParameter" uplink="(DesignID, LineNbr) = (DesignID, NavigationScreenLineNbr)" />
                    </table>
                    <table name="GIRecordDefault" uplink="(DesignID) = (DesignID)" />
                    <table name="GISort" uplink="(DesignID) = (DesignID)">
                        <table name="Note" uplink="(NoteID) = (NoteID)" />
                    </table>
                    <table name="GITable" uplink="(DesignID) = (DesignID)">
                        <table name="GIRelation" uplink="(DesignID, Alias) = (DesignID, ParentTable)">
                            <table name="GIOn" uplink="(DesignID, LineNbr) = (DesignID, RelationNbr)">
                                <table name="Note" uplink="(NoteID) = (NoteID)" />
                            </table>
                            <table name="Note" uplink="(NoteID) = (NoteID)" />
                        </table>
                        <table name="GIResult" uplink="(Alias, DesignID) = (ObjectName, DesignID)">
                            <table name="Note" uplink="(NoteID) = (NoteID)" />
                            <table name="GIResultKvExt" uplink="(NoteID) = (RecordID)" />
                        </table>
                        <table name="Note" uplink="(NoteID) = (NoteID)" />
                    </table>
                    <table name="GIWhere" uplink="(DesignID) = (DesignID)">
                        <table name="Note" uplink="(NoteID) = (NoteID)" />
                    </table>
                    <table name="SiteMap" uplink="(DesignID) = (Url)" linkname="toDesignById">
                        <table name="ListEntryPoint" uplink="(ScreenID) = (ListScreenID)" />
                        <table name="FilterHeader" uplink="(ScreenID) = (ScreenID)">
                            <table name="FilterRow" uplink="(FilterID) = (FilterID)" />
                            <table name="PivotTable" uplink="(RefNoteID) = (NoteID)">
                                <table name="PivotField" uplink="(ScreenID, PivotTableID) = (ScreenID, PivotTableID)" />
                            </table>
                            <table name="Note" uplink="(NoteID) = (NoteID)" />
                        </table>
                        <table name="MUIScreen" uplink="(NodeID) = (NodeID)">
                            <table name="MUIPinnedScreen" uplink="(NodeID, WorkspaceID) = (NodeID, WorkspaceID)" />
                        </table>
                        <table name="MUITile" uplink="(ScreenID) = (ScreenID)" />
                    </table>
                    <table name="SiteMap" uplink="(Name) = (Url)" linkname="toDesignByName">
                        <table name="ListEntryPoint" uplink="(ScreenID) = (ListScreenID)" />
                        <table name="FilterHeader" uplink="(ScreenID) = (ScreenID)">
                            <table name="FilterRow" uplink="(FilterID) = (FilterID)" />
                            <table name="PivotTable" uplink="(RefNoteID) = (NoteID)">
                                <table name="PivotField" uplink="(ScreenID, PivotTableID) = (ScreenID, PivotTableID)" />
                            </table>
                            <table name="Note" uplink="(NoteID) = (NoteID)" />
                        </table>
                        <table name="MUIScreen" uplink="(NodeID) = (NodeID)">
                            <table name="MUIPinnedScreen" uplink="(NodeID, WorkspaceID) = (NodeID, WorkspaceID)" />
                        </table>
                        <table name="MUITile" uplink="(ScreenID) = (ScreenID)" />
                    </table>
                    <table name="SiteMap" uplink="(PrimaryScreenIDNew) = (ScreenID)" linkname="to1Screen">
                        <table name="ListEntryPoint" uplink="(ScreenID) = (ListScreenID)" />
                        <table name="FilterHeader" uplink="(ScreenID) = (ScreenID)">
                            <table name="FilterRow" uplink="(FilterID) = (FilterID)" />
                            <table name="PivotTable" uplink="(RefNoteID) = (NoteID)">
                                <table name="PivotField" uplink="(ScreenID, PivotTableID) = (ScreenID, PivotTableID)" />
                            </table>
                            <table name="Note" uplink="(NoteID) = (NoteID)" />
                        </table>
                        <table name="MUIScreen" uplink="(NodeID) = (NodeID)">
                            <table name="MUIPinnedScreen" uplink="(NodeID, WorkspaceID) = (NodeID, WorkspaceID)" />
                        </table>
                        <table name="MUITile" uplink="(ScreenID) = (ScreenID)" />
                    </table>
                    <table name="Note" uplink="(NoteID) = (NoteID)" />
                </table>
                <table name="MUIWorkspace">
                    <table name="MUIFavoriteWorkspace" uplink="(WorkspaceID) = (WorkspaceID)" />
                </table>
                <table name="MUISubcategory" />
                <table name="MUIArea" />
            </layout>
            <data>
                <GIDesign>
                    <row DesignID="55b448c0-adb5-4fb1-ac6d-bcf195f04721" Name="Survey Response View" FilterColCount="3" PageSize="0" ExportTop="0" PrimaryScreenIDNew="SU301000" NewRecordCreationEnabled="0" MassDeleteEnabled="0" AutoConfirmDelete="0" MassRecordsUpdateEnabled="0" MassActionsOnRecordsEnabled="0" ExposeViaOData="0" ExposeViaMobile="0">
                        <GIFilter LineNbr="1" IsActive="1" Name="SurveyID" FieldName="SurveyCollector.surveyID" DataType="string" DisplayName="Survey ID" IsExpression="0" ColSpan="1" Required="0" />
                        <GINavigationScreen ScreenID="SU301000" LineNbr="3" WindowMode="L" Icon="arrow_forward">
                            <GINavigationParameter LineNbr="3" FieldName="CollectorID" ParameterName="SurveyCollector.collectorID" IsExpression="0" />
                        </GINavigationScreen>
                        <GINavigationScreen ScreenID="SU301000" LineNbr="2" WindowMode="S">
                            <GINavigationParameter LineNbr="2" FieldName="CollectorID" ParameterName="SurveyCollector.collectorID" IsExpression="0" />
                        </GINavigationScreen>
                        <GINavigationScreen ScreenID="SU301000" LineNbr="1" WindowMode="S">
                            <GINavigationParameter LineNbr="1" FieldName="CollectorID" ParameterName="SurveyCollector.CollectorID" IsExpression="0" />
                        </GINavigationScreen>
                        <GISort LineNbr="1" IsActive="1" DataFieldName="SurveyCollector.createdDateTime" SortOrder="D" />
                        <GITable Alias="SurveyCollector" Name="PX.Survey.Ext.SurveyCollector">
                            <GIResult LineNbr="8" SortOrder="8" IsActive="1" Field="surveyID" IsVisible="0" DefaultNav="1" QuickFilter="0" FastFilter="1" RowID="901a3b20-199a-453a-bd7b-de53ee4e1e7c" />
                            <GIResult LineNbr="7" SortOrder="7" IsActive="1" Field="collectorStatus" IsVisible="1" DefaultNav="0" QuickFilter="0" FastFilter="1" RowID="782d1d9a-7aaa-4c7f-9613-45e6eec64681" />
                            <GIResult LineNbr="6" SortOrder="6" IsActive="1" Field="collectedDate" IsVisible="1" DefaultNav="0" QuickFilter="0" FastFilter="0" RowID="2f6a97c8-f4be-41fa-8336-9957569dcc4a" />
                            <GIResult LineNbr="5" SortOrder="5" IsActive="1" Field="createdDateTime" IsVisible="1" DefaultNav="0" QuickFilter="0" FastFilter="0" RowID="3363021e-95d5-4993-a1ce-0b0a83f7638e" />
                            <GIResult LineNbr="4" SortOrder="4" IsActive="1" Field="userid" IsVisible="1" DefaultNav="0" QuickFilter="0" FastFilter="0" RowID="60ba764f-8f4e-4a2b-af57-0313dac7f9b1" />
                            <GIResult LineNbr="3" SortOrder="3" IsActive="1" Field="surveyID_description" IsVisible="1" DefaultNav="0" QuickFilter="0" FastFilter="1" RowID="80b487be-1827-42a8-94f9-c4195a876a32" />
                            <GIResult LineNbr="2" SortOrder="2" IsActive="1" Field="collectorName" IsVisible="1" DefaultNav="0" QuickFilter="0" FastFilter="1" RowID="0072d4ea-f6a0-4af8-ae8e-de383dc894cd" />
                            <GIResult LineNbr="1" SortOrder="1" IsActive="1" Field="collectorID" IsVisible="0" DefaultNav="0" NavigationNbr="1" QuickFilter="0" FastFilter="1" RowID="73aacd61-4f10-45c4-9dea-cd80620ecaf1" />
                        </GITable>
                        <GIWhere LineNbr="2" IsActive="1" DataFieldName="[SurveyID]" Condition="NU" IsExpression="0" CloseBrackets=")        " Operation="A" />
                        <GIWhere LineNbr="1" IsActive="1" OpenBrackets="(        " DataFieldName="SurveyCollector.surveyID" Condition="E " IsExpression="0" Value1="[SurveyID]" Operation="O" />
                        <SiteMap linkname="toDesignById">
                            <row Title="Survey Response View" Url="~/genericinquiry/genericinquiry.aspx?id=55b448c0-adb5-4fb1-ac6d-bcf195f04721" ScreenID="SU401000" NodeID="068daf48-426d-4283-93f9-c7cbf0486c3c" ParentID="00000000-0000-0000-0000-000000000000">
                                <MUIScreen IsPortal="0" WorkspaceID="1dc1ae6b-e3fb-47d4-a6a1-2671837d80b0" Order="40" SubcategoryID="98e86774-69e3-41ea-b94f-eb2c7a8426d4">
                                    <MUIPinnedScreen IsPortal="0" Username="" IsPinned="1" />
                                </MUIScreen>
                            </row>
                        </SiteMap>
                        <SiteMap linkname="to1Screen">
                            <row Position="5960" Title="Survey Response" Url="~/Pages/SU/SU301000.aspx" NodeID="5bdbd293-bbc8-47e1-b4ea-949c5f5b94a1" ParentID="00000000-0000-0000-0000-000000000000">
                                <MUIScreen IsPortal="0" WorkspaceID="1dc1ae6b-e3fb-47d4-a6a1-2671837d80b0" Order="20" SubcategoryID="38d13a6e-3076-42fb-9fce-62fa33897da6">
                                    <MUIPinnedScreen IsPortal="0" Username="" IsPinned="1" />
                                </MUIScreen>
                            </row>
                        </SiteMap>
                    </row>
                </GIDesign>
                <MUIWorkspace>
                    <row IsPortal="0" WorkspaceID="1dc1ae6b-e3fb-47d4-a6a1-2671837d80b0" Order="865" Title="Surveys" Icon="check_circle" AreaID="3635ea7d-0975-48ff-b4ac-a870f7e1e8b5" IsSystem="0" />
                </MUIWorkspace>
                <MUISubcategory>
                    <row IsPortal="1" SubcategoryID="98e86774-69e3-41ea-b94f-eb2c7a8426d4" Order="896" Name="Inquiries" Icon="" IsSystem="1" />
                    <row IsPortal="0" SubcategoryID="98e86774-69e3-41ea-b94f-eb2c7a8426d4" Order="896" Name="Inquiries" Icon="" IsSystem="1" />
                    <row IsPortal="0" SubcategoryID="38d13a6e-3076-42fb-9fce-62fa33897da6" Order="64" Name="Transactions" Icon="" IsSystem="0" />
                </MUISubcategory>
                <MUIArea>
                    <row IsPortal="0" AreaID="3635ea7d-0975-48ff-b4ac-a870f7e1e8b5" Order="30" Name="Configuration" />
                </MUIArea>
            </data>
        </data-set>
    </GenericInquiryScreen>
    <GenericInquiryScreen>
        <data-set>
            <relations format-version="3" relations-version="20190630" main-table="GIDesign" stable-sharing="True" file-name="(Name)">
                <link from="GIFilter (DesignID)" to="GIDesign (DesignID)" />
                <link from="GIGroupBy (DesignID)" to="GIDesign (DesignID)" />
                <link from="GIMassAction (DesignID)" to="GIDesign (DesignID)" />
                <link from="GIMassUpdateField (DesignID)" to="GIDesign (DesignID)" />
                <link from="GINavigationScreen (DesignID)" to="GIDesign (DesignID)" />
                <link from="GINavigationParameter (DesignID, NavigationScreenLineNbr)" to="GINavigationScreen (DesignID, LineNbr)" />
                <link from="GIOn (DesignID, RelationNbr)" to="GIRelation (DesignID, LineNbr)" />
                <link from="GIRecordDefault (DesignID)" to="GIDesign (DesignID)" />
                <link from="GIRelation (DesignID, ParentTable)" to="GITable (DesignID, Alias)" />
                <link from="GIRelation (DesignID, ChildTable)" to="GITable (DesignID, Alias)" />
                <link from="GIResult (DesignID)" to="GIDesign (DesignID)" />
                <link from="GIResult (ObjectName, DesignID)" to="GITable (Alias, DesignID)" />
                <link from="GISort (DesignID)" to="GIDesign (DesignID)" />
                <link from="GITable (DesignID)" to="GIDesign (DesignID)" />
                <link from="GIWhere (DesignID)" to="GIDesign (DesignID)" />
                <link from="SiteMap (Url)" to="GIDesign (DesignID)" type="WeakByUrl" linkname="toDesignById" baseurl="~/GenericInquiry/GenericInquiry.aspx" paramnames="id" />
                <link from="SiteMap (Url)" to="GIDesign (Name)" type="WeakByUrl" linkname="toDesignByName" baseurl="~/GenericInquiry/GenericInquiry.aspx" />
                <link from="ListEntryPoint (ListScreenID)" to="SiteMap (ScreenID)" />
                <link from="SiteMap (ScreenID)" to="GIDesign (PrimaryScreenIDNew)" linkname="to1Screen" />
                <link from="FilterHeader (ScreenID)" to="SiteMap (ScreenID)" />
                <link from="FilterRow (FilterID)" to="FilterHeader (FilterID)" />
                <link from="PivotTable (NoteID)" to="FilterHeader (RefNoteID)" />
                <link from="PivotField (ScreenID, PivotTableID)" to="PivotTable (ScreenID, PivotTableID)" />
                <link from="MUIScreen (NodeID)" to="SiteMap (NodeID)" />
                <link from="MUIWorkspace (WorkspaceID)" to="MUIScreen (WorkspaceID)" type="FromMaster" linkname="workspaceToScreen" split-location="yes" updateable="True" />
                <link from="MUISubcategory (SubcategoryID)" to="MUIScreen (SubcategoryID)" type="FromMaster" updateable="True" />
                <link from="MUITile (ScreenID)" to="SiteMap (ScreenID)" />
                <link from="MUIWorkspace (WorkspaceID)" to="MUITile (WorkspaceID)" type="FromMaster" linkname="workspaceToTile" split-location="yes" updateable="True" />
                <link from="MUIArea (AreaID)" to="MUIWorkspace (AreaID)" type="FromMaster" updateable="True" />
                <link from="MUIPinnedScreen (NodeID, WorkspaceID)" to="MUIScreen (NodeID, WorkspaceID)" type="WeakIfEmpty" isEmpty="Username" />
                <link from="MUIFavoriteWorkspace (WorkspaceID)" to="MUIWorkspace (WorkspaceID)" type="WeakIfEmpty" isEmpty="Username" />
                <link from="GIDesign (NoteID)" to="Note (NoteID)" type="Note" />
                <link from="GIFilter (NoteID)" to="Note (NoteID)" type="Note" />
                <link from="GIFilter (NoteID)" to="GIFilterKvExt (RecordID)" type="RowKvExt" />
                <link from="GIGroupBy (NoteID)" to="Note (NoteID)" type="Note" />
                <link from="GIOn (NoteID)" to="Note (NoteID)" type="Note" />
                <link from="GIRelation (NoteID)" to="Note (NoteID)" type="Note" />
                <link from="GIResult (NoteID)" to="Note (NoteID)" type="Note" />
                <link from="GIResult (NoteID)" to="GIResultKvExt (RecordID)" type="RowKvExt" />
                <link from="GISort (NoteID)" to="Note (NoteID)" type="Note" />
                <link from="GITable (NoteID)" to="Note (NoteID)" type="Note" />
                <link from="GIWhere (NoteID)" to="Note (NoteID)" type="Note" />
                <link from="FilterHeader (NoteID)" to="Note (NoteID)" type="Note" />
            </relations>
            <layout>
                <table name="GIDesign">
                    <table name="GIFilter" uplink="(DesignID) = (DesignID)">
                        <table name="Note" uplink="(NoteID) = (NoteID)" />
                        <table name="GIFilterKvExt" uplink="(NoteID) = (RecordID)" />
                    </table>
                    <table name="GIGroupBy" uplink="(DesignID) = (DesignID)">
                        <table name="Note" uplink="(NoteID) = (NoteID)" />
                    </table>
                    <table name="GIMassAction" uplink="(DesignID) = (DesignID)" />
                    <table name="GIMassUpdateField" uplink="(DesignID) = (DesignID)" />
                    <table name="GINavigationScreen" uplink="(DesignID) = (DesignID)">
                        <table name="GINavigationParameter" uplink="(DesignID, LineNbr) = (DesignID, NavigationScreenLineNbr)" />
                    </table>
                    <table name="GIRecordDefault" uplink="(DesignID) = (DesignID)" />
                    <table name="GISort" uplink="(DesignID) = (DesignID)">
                        <table name="Note" uplink="(NoteID) = (NoteID)" />
                    </table>
                    <table name="GITable" uplink="(DesignID) = (DesignID)">
                        <table name="GIRelation" uplink="(DesignID, Alias) = (DesignID, ParentTable)">
                            <table name="GIOn" uplink="(DesignID, LineNbr) = (DesignID, RelationNbr)">
                                <table name="Note" uplink="(NoteID) = (NoteID)" />
                            </table>
                            <table name="Note" uplink="(NoteID) = (NoteID)" />
                        </table>
                        <table name="GIResult" uplink="(Alias, DesignID) = (ObjectName, DesignID)">
                            <table name="Note" uplink="(NoteID) = (NoteID)" />
                            <table name="GIResultKvExt" uplink="(NoteID) = (RecordID)" />
                        </table>
                        <table name="Note" uplink="(NoteID) = (NoteID)" />
                    </table>
                    <table name="GIWhere" uplink="(DesignID) = (DesignID)">
                        <table name="Note" uplink="(NoteID) = (NoteID)" />
                    </table>
                    <table name="SiteMap" uplink="(DesignID) = (Url)" linkname="toDesignById">
                        <table name="ListEntryPoint" uplink="(ScreenID) = (ListScreenID)" />
                        <table name="FilterHeader" uplink="(ScreenID) = (ScreenID)">
                            <table name="FilterRow" uplink="(FilterID) = (FilterID)" />
                            <table name="PivotTable" uplink="(RefNoteID) = (NoteID)">
                                <table name="PivotField" uplink="(ScreenID, PivotTableID) = (ScreenID, PivotTableID)" />
                            </table>
                            <table name="Note" uplink="(NoteID) = (NoteID)" />
                        </table>
                        <table name="MUIScreen" uplink="(NodeID) = (NodeID)">
                            <table name="MUIPinnedScreen" uplink="(NodeID, WorkspaceID) = (NodeID, WorkspaceID)" />
                        </table>
                        <table name="MUITile" uplink="(ScreenID) = (ScreenID)" />
                    </table>
                    <table name="SiteMap" uplink="(Name) = (Url)" linkname="toDesignByName">
                        <table name="ListEntryPoint" uplink="(ScreenID) = (ListScreenID)" />
                        <table name="FilterHeader" uplink="(ScreenID) = (ScreenID)">
                            <table name="FilterRow" uplink="(FilterID) = (FilterID)" />
                            <table name="PivotTable" uplink="(RefNoteID) = (NoteID)">
                                <table name="PivotField" uplink="(ScreenID, PivotTableID) = (ScreenID, PivotTableID)" />
                            </table>
                            <table name="Note" uplink="(NoteID) = (NoteID)" />
                        </table>
                        <table name="MUIScreen" uplink="(NodeID) = (NodeID)">
                            <table name="MUIPinnedScreen" uplink="(NodeID, WorkspaceID) = (NodeID, WorkspaceID)" />
                        </table>
                        <table name="MUITile" uplink="(ScreenID) = (ScreenID)" />
                    </table>
                    <table name="SiteMap" uplink="(PrimaryScreenIDNew) = (ScreenID)" linkname="to1Screen">
                        <table name="ListEntryPoint" uplink="(ScreenID) = (ListScreenID)" />
                        <table name="FilterHeader" uplink="(ScreenID) = (ScreenID)">
                            <table name="FilterRow" uplink="(FilterID) = (FilterID)" />
                            <table name="PivotTable" uplink="(RefNoteID) = (NoteID)">
                                <table name="PivotField" uplink="(ScreenID, PivotTableID) = (ScreenID, PivotTableID)" />
                            </table>
                            <table name="Note" uplink="(NoteID) = (NoteID)" />
                        </table>
                        <table name="MUIScreen" uplink="(NodeID) = (NodeID)">
                            <table name="MUIPinnedScreen" uplink="(NodeID, WorkspaceID) = (NodeID, WorkspaceID)" />
                        </table>
                        <table name="MUITile" uplink="(ScreenID) = (ScreenID)" />
                    </table>
                    <table name="Note" uplink="(NoteID) = (NoteID)" />
                </table>
                <table name="MUIWorkspace">
                    <table name="MUIFavoriteWorkspace" uplink="(WorkspaceID) = (WorkspaceID)" />
                </table>
                <table name="MUISubcategory" />
                <table name="MUIArea" />
            </layout>
            <data>
                <GIDesign>
                    <row DesignID="c9a9780e-7051-43e9-a59f-0319b5592140" Name="Survey User Devices" FilterColCount="3" PageSize="0" ExportTop="0" NewRecordCreationEnabled="0" MassDeleteEnabled="0" AutoConfirmDelete="0" MassRecordsUpdateEnabled="0" MassActionsOnRecordsEnabled="0" ExposeViaOData="0" ExposeViaMobile="0">
                        <GIFilter LineNbr="1" IsActive="1" Name="SurveyID" FieldName="SurveyCollector.surveyID" DataType="string" DisplayName="Survey ID" IsExpression="0" ColSpan="1" Required="0" />
                        <GITable Alias="Users" Name="PX.SM.Users">
                            <GIResult LineNbr="12" SortOrder="10" IsActive="1" Field="email" IsVisible="1" DefaultNav="1" QuickFilter="0" FastFilter="1" RowID="7579e2c6-2798-48fd-8f44-63e49c96dfdf" />
                            <GIResult LineNbr="11" SortOrder="5" IsActive="1" Field="displayName" IsVisible="1" DefaultNav="1" QuickFilter="0" FastFilter="0" RowID="55984c87-39b4-4ff5-8190-955ab7324f57" />
                        </GITable>
                        <GITable Alias="SurveyCollector" Name="PX.Survey.Ext.SurveyCollector">
                            <GIRelation LineNbr="2" ChildTable="Users" IsActive="1" JoinType="I">
                                <GIOn LineNbr="2" ParentField="userID" Condition="E " ChildField="pKID" Operation="A" />
                            </GIRelation>
                            <GIRelation LineNbr="1" ChildTable="MobileDevice" IsActive="1" JoinType="L">
                                <GIOn LineNbr="1" ParentField="userID" Condition="E " ChildField="userID" Operation="A" />
                            </GIRelation>
                            <GIResult LineNbr="10" SortOrder="4" IsActive="1" Field="surveyID_description" IsVisible="1" DefaultNav="1" QuickFilter="0" FastFilter="1" RowID="5fb4b152-c374-475d-9e11-a4b85ef125ea" />
                            <GIResult LineNbr="9" SortOrder="12" IsActive="1" Field="collectedDate" IsVisible="1" DefaultNav="1" QuickFilter="0" FastFilter="0" RowID="419802ca-aaff-46bf-9493-ceef02133a36" />
                            <GIResult LineNbr="8" SortOrder="11" IsActive="1" Field="collectorStatus" IsVisible="1" DefaultNav="1" QuickFilter="0" FastFilter="1" RowID="10961f8d-c9cf-49ee-b29a-7d2ba641b61a" />
                            <GIResult LineNbr="2" SortOrder="2" IsActive="1" Field="surveyID" IsVisible="0" DefaultNav="1" QuickFilter="0" FastFilter="1" RowID="c67d7c6a-6f4d-48de-8750-1b2faf8d8bfe" />
                            <GIResult LineNbr="1" SortOrder="1" IsActive="1" Field="collectorName" IsVisible="0" DefaultNav="1" QuickFilter="0" FastFilter="1" RowID="3dd50832-66df-4ca0-b75c-ff3337b69a60" />
                        </GITable>
                        <GITable Alias="MobileDevice" Name="PX.Api.Mobile.PushNotifications.DAC.MobileDevice">
                            <GIResult LineNbr="7" SortOrder="9" IsActive="1" Field="isConfirmation" IsVisible="1" DefaultNav="1" QuickFilter="0" FastFilter="1" RowID="738ceb81-728b-488c-8f86-b1d09ccd9ee4" />
                            <GIResult LineNbr="6" SortOrder="8" IsActive="1" Field="deviceOS" IsVisible="1" DefaultNav="1" QuickFilter="0" FastFilter="1" RowID="26fa6c53-e728-4658-8255-3c255f02ae0e" />
                            <GIResult LineNbr="5" SortOrder="7" IsActive="1" Field="deviceName" IsVisible="1" DefaultNav="1" QuickFilter="0" FastFilter="1" RowID="0467bac4-4daf-40b1-8354-b7f1b9153c40" />
                            <GIResult LineNbr="4" SortOrder="6" IsActive="1" Field="deviceModel" IsVisible="1" DefaultNav="1" QuickFilter="0" FastFilter="1" RowID="ad261160-f23b-43e2-87d4-16859001c8e0" />
                            <GIResult LineNbr="3" SortOrder="3" IsActive="1" Field="userID" IsVisible="0" DefaultNav="1" QuickFilter="0" FastFilter="0" RowID="837fb210-4f9a-4814-82c8-5900a7d2fc3d" />
                        </GITable>
                        <GIWhere LineNbr="2" IsActive="1" DataFieldName="[SurveyID]" Condition="NU" IsExpression="0" CloseBrackets=")        " Operation="A" />
                        <GIWhere LineNbr="1" IsActive="1" OpenBrackets="(        " DataFieldName="SurveyCollector.surveyID" Condition="E " IsExpression="0" Value1="[SurveyID]" Operation="O" />
                        <SiteMap linkname="toDesignById">
                            <row Title="Survey User Devices" Url="~/GenericInquiry/GenericInquiry.aspx?id=c9a9780e-7051-43e9-a59f-0319b5592140" ScreenID="SU401020" NodeID="2a36eb1a-87d1-406f-b4c7-8f29a0c82755" ParentID="00000000-0000-0000-0000-000000000000">
                                <MUIScreen IsPortal="0" WorkspaceID="1dc1ae6b-e3fb-47d4-a6a1-2671837d80b0" Order="30" SubcategoryID="98e86774-69e3-41ea-b94f-eb2c7a8426d4">
                                    <MUIPinnedScreen IsPortal="0" Username="" IsPinned="1" />
                                </MUIScreen>
                            </row>
                        </SiteMap>
                    </row>
                </GIDesign>
                <MUIWorkspace>
                    <row IsPortal="0" WorkspaceID="1dc1ae6b-e3fb-47d4-a6a1-2671837d80b0" Order="865" Title="Surveys" Icon="check_circle" AreaID="3635ea7d-0975-48ff-b4ac-a870f7e1e8b5" IsSystem="0" />
                </MUIWorkspace>
                <MUISubcategory>
                    <row IsPortal="1" SubcategoryID="98e86774-69e3-41ea-b94f-eb2c7a8426d4" Order="896" Name="Inquiries" Icon="" IsSystem="1" />
                    <row IsPortal="0" SubcategoryID="98e86774-69e3-41ea-b94f-eb2c7a8426d4" Order="896" Name="Inquiries" Icon="" IsSystem="1" />
                </MUISubcategory>
                <MUIArea>
                    <row IsPortal="0" AreaID="3635ea7d-0975-48ff-b4ac-a870f7e1e8b5" Order="30" Name="Configuration" />
                </MUIArea>
            </data>
        </data-set>
    </GenericInquiryScreen>
    <MobileSiteMap ScreenID="sitemap" Script="update sitemap {&#xD;&#xA;&#xD;&#xA;    add folder &quot;Surveys&quot; {&#xD;&#xA;      type = HubFolder&#xD;&#xA;      isDefaultFavorite = True&#xD;&#xA;      displayName = &quot;Surveys&quot;&#xD;&#xA;      icon = &quot;system://Clock&quot;&#xD;&#xA;      add item &quot;SU3010PL&quot; { displayName = &quot;Surveys&quot; }    &#xD;&#xA;    }&#xD;&#xA;      &#xD;&#xA;    add item &quot;SU301000&quot; {&#xD;&#xA;      displayName = &quot;Survey Summary&quot;&#xD;&#xA;      visible = False&#xD;&#xA;    }      &#xD;&#xA;}" Type="update" />
    <MobileSiteMap ScreenID="SU301000" Script="add screen SU301000 {&#xD;&#xA; add container &quot;SurveyResponseSummary&quot;&#xD;&#xA;   {&#xD;&#xA;      displayName =&quot;Survey Response Summary&quot;&#xD;&#xA;      formActionsToExpand = 1   &#xD;&#xA;      add field &quot;SurveyID&quot;   &#xD;&#xA;      add field &quot;Recipient&quot;&#xD;&#xA;      add field &quot;CollectedDateMobile&quot; &#xD;&#xA;       { &#xD;&#xA;         displayName = &quot;Collected Date&quot;&#xD;&#xA;       }&#xD;&#xA;     &#xD;&#xA;      add field &quot;CollectorStatus&quot;&#xD;&#xA;   &#xD;&#xA;      add recordAction &quot;Cancel&quot; { behavior = Cancel }     &#xD;&#xA;      add recordAction &quot;Submit&quot; &#xD;&#xA;      {&#xD;&#xA;         displayName =&quot;Submit Survey&quot;&#xD;&#xA;         icon = &quot;system://PaperPlane&quot;  &#xD;&#xA;         syncLongOperation = true&#xD;&#xA;         behavior = Record &#xD;&#xA;      }  &#xD;&#xA;   }&#xD;&#xA;    add container &quot;Questions&quot; {&#xD;&#xA;    displayName = &quot;View Questions&quot;&#xD;&#xA;    attributes = True       &#xD;&#xA;    attachments {    }    &#xD;&#xA;   } &#xD;&#xA;}" Type="add" />
    <MobileSiteMap ScreenID="SU3010PL" Script="add screen SU3010PL {&#xD;&#xA;  add container &quot;Result&quot; {&#xD;&#xA;    fieldsToShow = 4&#xD;&#xA;    listActionsToExpand = 1&#xD;&#xA;    containerActionsToExpand = 1&#xD;&#xA;    add field &quot;SurveyName&quot;&#xD;&#xA;    add field &quot;Recipient&quot;&#xD;&#xA;    add field &quot;CollectedDate&quot;&#xD;&#xA;    add field &quot;CollectorStatus&quot;&#xD;&#xA;    &#xD;&#xA;    add containerAction &quot;editDetail&quot; {&#xD;&#xA;      behavior = Open&#xD;&#xA;      redirect = True&#xD;&#xA;    }&#xD;&#xA;&#xD;&#xA;  }&#xD;&#xA;}" Type="add" />
    <SiteMapNode>
        <data-set>
            <relations format-version="3" relations-version="20190630" main-table="SiteMap">
                <link from="MUIScreen (NodeID)" to="SiteMap (NodeID)" />
                <link from="MUIWorkspace (WorkspaceID)" to="MUIScreen (WorkspaceID)" type="FromMaster" linkname="workspaceToScreen" split-location="yes" updateable="True" />
                <link from="MUISubcategory (SubcategoryID)" to="MUIScreen (SubcategoryID)" type="FromMaster" updateable="True" />
                <link from="MUITile (ScreenID)" to="SiteMap (ScreenID)" />
                <link from="MUIWorkspace (WorkspaceID)" to="MUITile (WorkspaceID)" type="FromMaster" linkname="workspaceToTile" split-location="yes" updateable="True" />
                <link from="MUIArea (AreaID)" to="MUIWorkspace (AreaID)" type="FromMaster" updateable="True" />
                <link from="MUIPinnedScreen (NodeID, WorkspaceID)" to="MUIScreen (NodeID, WorkspaceID)" type="WeakIfEmpty" isEmpty="Username" />
                <link from="MUIFavoriteWorkspace (WorkspaceID)" to="MUIWorkspace (WorkspaceID)" type="WeakIfEmpty" isEmpty="Username" />
            </relations>
            <layout>
                <table name="SiteMap">
                    <table name="MUIScreen" uplink="(NodeID) = (NodeID)">
                        <table name="MUIPinnedScreen" uplink="(NodeID, WorkspaceID) = (NodeID, WorkspaceID)" />
                    </table>
                    <table name="MUITile" uplink="(ScreenID) = (ScreenID)" />
                </table>
                <table name="MUIWorkspace">
                    <table name="MUIFavoriteWorkspace" uplink="(WorkspaceID) = (WorkspaceID)" />
                </table>
                <table name="MUISubcategory" />
                <table name="MUIArea" />
            </layout>
            <data>
                <SiteMap>
                    <row Title="Survey Preferences" Url="~/Pages/SU/SU101000.aspx" ScreenID="SU101000" NodeID="dab1e7e1-6b94-48bd-a080-1345e6c7e921" ParentID="00000000-0000-0000-0000-000000000000">
                        <MUIScreen IsPortal="0" WorkspaceID="1dc1ae6b-e3fb-47d4-a6a1-2671837d80b0" Order="10" SubcategoryID="8a93637d-b507-4667-a739-adaf6fb5f7ea" />
                    </row>
                </SiteMap>
                <MUIWorkspace>
                    <row IsPortal="0" WorkspaceID="1dc1ae6b-e3fb-47d4-a6a1-2671837d80b0" Order="865" Title="Surveys" Icon="check_circle" AreaID="3635ea7d-0975-48ff-b4ac-a870f7e1e8b5" IsSystem="0" />
                </MUIWorkspace>
                <MUISubcategory>
                    <row IsPortal="0" SubcategoryID="8a93637d-b507-4667-a739-adaf6fb5f7ea" Order="1391.813" Name="Preferences" Icon="" IsSystem="0" />
                </MUISubcategory>
                <MUIArea>
                    <row IsPortal="0" AreaID="3635ea7d-0975-48ff-b4ac-a870f7e1e8b5" Order="30" Name="Configuration" />
                </MUIArea>
            </data>
        </data-set>
    </SiteMapNode>
    <SiteMapNode>
        <data-set>
            <relations format-version="3" relations-version="20190630" main-table="SiteMap">
                <link from="MUIScreen (NodeID)" to="SiteMap (NodeID)" />
                <link from="MUIWorkspace (WorkspaceID)" to="MUIScreen (WorkspaceID)" type="FromMaster" linkname="workspaceToScreen" split-location="yes" updateable="True" />
                <link from="MUISubcategory (SubcategoryID)" to="MUIScreen (SubcategoryID)" type="FromMaster" updateable="True" />
                <link from="MUITile (ScreenID)" to="SiteMap (ScreenID)" />
                <link from="MUIWorkspace (WorkspaceID)" to="MUITile (WorkspaceID)" type="FromMaster" linkname="workspaceToTile" split-location="yes" updateable="True" />
                <link from="MUIArea (AreaID)" to="MUIWorkspace (AreaID)" type="FromMaster" updateable="True" />
                <link from="MUIPinnedScreen (NodeID, WorkspaceID)" to="MUIScreen (NodeID, WorkspaceID)" type="WeakIfEmpty" isEmpty="Username" />
                <link from="MUIFavoriteWorkspace (WorkspaceID)" to="MUIWorkspace (WorkspaceID)" type="WeakIfEmpty" isEmpty="Username" />
            </relations>
            <layout>
                <table name="SiteMap">
                    <table name="MUIScreen" uplink="(NodeID) = (NodeID)">
                        <table name="MUIPinnedScreen" uplink="(NodeID, WorkspaceID) = (NodeID, WorkspaceID)" />
                    </table>
                    <table name="MUITile" uplink="(ScreenID) = (ScreenID)" />
                </table>
                <table name="MUIWorkspace">
                    <table name="MUIFavoriteWorkspace" uplink="(WorkspaceID) = (WorkspaceID)" />
                </table>
                <table name="MUISubcategory" />
                <table name="MUIArea" />
            </layout>
            <data>
                <SiteMap>
                    <row Title="Send Survey" Url="~/Pages/SU/SU501000.aspx" ScreenID="SU501000" NodeID="e55c08d4-cd47-4104-9ebe-88592bf435b1" ParentID="00000000-0000-0000-0000-000000000000">
                        <MUIScreen IsPortal="0" WorkspaceID="1dc1ae6b-e3fb-47d4-a6a1-2671837d80b0" Order="10" SubcategoryID="32130442-2305-4394-9389-cf915b191d2a" />
                    </row>
                </SiteMap>
                <MUIWorkspace>
                    <row IsPortal="0" WorkspaceID="1dc1ae6b-e3fb-47d4-a6a1-2671837d80b0" Order="865" Title="Surveys" Icon="check_circle" AreaID="3635ea7d-0975-48ff-b4ac-a870f7e1e8b5" IsSystem="0" />
                </MUIWorkspace>
                <MUISubcategory>
                    <row IsPortal="0" SubcategoryID="32130442-2305-4394-9389-cf915b191d2a" Order="820" Name="Processes" Icon="" IsSystem="0" />
                </MUISubcategory>
                <MUIArea>
                    <row IsPortal="0" AreaID="3635ea7d-0975-48ff-b4ac-a870f7e1e8b5" Order="30" Name="Configuration" />
                </MUIArea>
            </data>
        </data-set>
    </SiteMapNode>
    <Sql TableName="Survey" TableSchemaXml="#CDATA">
        <CDATA name="TableSchemaXml"><![CDATA[<table name="Survey">
  <col name="CompanyID" type="Int" default="Zero" />
  <col name="SurveyID" type="Int" identity="true" />
  <col name="SurveyCD" type="NVarChar(15)" />
  <col name="SurveyName" type="NVarChar(100)" nullable="true" />
  <col name="Active" type="Bit" nullable="true" />
  <col name="NoteID" type="UniqueIdentifier" nullable="true" />
  <col name="LineCntr" type="Int" />
  <col name="CreatedByID" type="UniqueIdentifier" />
  <col name="CreatedByScreenID" type="Char(8)" />
  <col name="CreatedDateTime" type="DateTime" />
  <col name="LastModifiedByID" type="UniqueIdentifier" />
  <col name="LastModifiedByScreenID" type="Char(8)" />
  <col name="LastModifiedDateTime" type="DateTime" />
  <col name="tstamp" type="Timestamp" />
  <index name="PK_Survey" clustered="true" primary="true" unique="true">
    <col name="CompanyID" />
    <col name="SurveyID" />
  </index>
</table>]]></CDATA>
    </Sql>
    <Sql TableName="SurveyCollector" TableSchemaXml="#CDATA">
        <CDATA name="TableSchemaXml"><![CDATA[<table name="SurveyCollector">
  <col name="CompanyID" type="Int" default="Zero" />
  <col name="SurveyID" type="Int" />
  <col name="CollectorID" type="Int" identity="true" />
  <col name="CollectorName" type="NVarChar(60)" />
  <col name="UserID" type="UniqueIdentifier" />
  <col name="CollectedDate" type="DateTime" nullable="true" />
  <col name="ExpirationDate" type="DateTime" nullable="true" />
  <col name="CollectorStatus" type="Char(1)" nullable="true" />
  <col name="NoteID" type="UniqueIdentifier" />
  <col name="CreatedByID" type="UniqueIdentifier" />
  <col name="CreatedByScreenID" type="Char(8)" />
  <col name="CreatedDateTime" type="DateTime" />
  <col name="LastModifiedByID" type="UniqueIdentifier" />
  <col name="LastModifiedByScreenID" type="Char(8)" />
  <col name="LastModifiedDateTime" type="DateTime" />
  <col name="tstamp" type="Timestamp" />
  <index name="SurveyCollector_PK" clustered="true" primary="true" unique="true">
    <col name="CompanyID" />
    <col name="SurveyID" />
    <col name="CollectorID" />
  </index>
</table>]]></CDATA>
    </Sql>
    <Sql TableName="SurveySetup" TableSchemaXml="#CDATA">
        <CDATA name="TableSchemaXml"><![CDATA[<table name="SurveySetup">
  <col name="CompanyID" type="Int" default="Zero" />
  <col name="SurveyNumberingID" type="NVarChar(15)" />
  <col name="NoteID" type="UniqueIdentifier" />
  <col name="CreatedByID" type="UniqueIdentifier" />
  <col name="CreatedByScreenID" type="Char(8)" />
  <col name="CreatedDateTime" type="DateTime" />
  <col name="LastModifiedByID" type="UniqueIdentifier" />
  <col name="LastModifiedByScreenID" type="Char(8)" />
  <col name="LastModifiedDateTime" type="DateTime" />
  <col name="tstamp" type="Timestamp" />
  <index name="SurveySetup_PK" clustered="true" primary="true" unique="true">
    <col name="CompanyID" />
  </index>
</table>]]></CDATA>
    </Sql>
    <Sql TableName="SurveyUser" TableSchemaXml="#CDATA">
        <CDATA name="TableSchemaXml"><![CDATA[<table name="SurveyUser">
  <col name="CompanyID" type="Int" default="Zero" />
  <col name="SurveyID" type="Int" />
  <col name="LineNbr" type="Int" />
  <col name="ContactID" type="Int" />
  <col name="Active" type="Bit" nullable="true" />
  <col name="CreatedByID" type="UniqueIdentifier" />
  <col name="CreatedByScreenID" type="Char(8)" />
  <col name="CreatedDateTime" type="DateTime" />
  <col name="LastModifiedByID" type="UniqueIdentifier" />
  <col name="LastModifiedByScreenID" type="Char(8)" />
  <col name="LastModifiedDateTime" type="DateTime" />
  <col name="tstamp" type="Timestamp" />
  <index name="PK_SurveyUser" clustered="true" primary="true" unique="true">
    <col name="CompanyID" />
    <col name="SurveyID" />
    <col name="LineNbr" />
  </index>
</table>]]></CDATA>
    </Sql>
</Customization>