﻿<?xml version="1.0" encoding="utf-8" standalone="yes"?>
<data-set>
  <relations format-version="3" relations-version="20160101" main-table="SurveyComponent" file-name="SurveyComponent-(ComponentID)" />
  <layout>
    <table name="SurveyComponent" />
  </layout>
  <data>
    <SurveyComponent>
      <row ComponentID="SUPREVNEXT" ComponentType="PF" Active="1" Description="SurveyPrevNext" NoteID="29eb7700-5bbf-eb11-a38b-3c6aa7cb36ca">
        <column name="Body"><![CDATA[<footer class="footer has-background-white pb-4">
    <div id="buttons" class="content has-text-centered">
        {{if !IsSinglePage && !IsFirstPage #show Previous button}}
        <button type="submit" class="button is-info is-medium" name="action" value="prev">Previous</button>
        {{end}}
        {{if IsSinglePage #show Submit button}}
        <button type="submit" class="button is-info is-medium" name="action" value="submit">Submit</button>
        {{else if NextIsLast #show End button}}
        <button type="submit" class="button is-info is-medium" name="action" value="end">End</button>
        {{else if !IsLastPage #show Next button}}
        <button type="submit" class="button is-info is-medium" name="action" value="next">Next</button>
        {{end}}
    </div>
    <hr class="mt-1" />
    <div class="content level has-text-centered mt-4">
        <div class="level-item has-text-centered">
            <p class="heading">Powered by</p>
            <p class="title ml-2">
                <a target="_blank" href="https://www.acumatica.com"><img src="https://cdn.acumatica.com/content/themes/acumatica/assets/img/svg/logo-dark.svg" alt="Acumatica" class="mt-1" style="width: 100px" /></a>
            </p>
        </div>
    </div>
</footer>]]></column>
      </row>
    </SurveyComponent>
  </data>
</data-set>