﻿<?xml version="1.0" encoding="utf-8" standalone="yes"?>
<data-set>
  <relations format-version="3" relations-version="20160101" main-table="Notification" file-name="(Name)">
    <link from="NotificationReport (NotificationID)" to="Notification (NotificationID)" />
    <link from="NotificationReportParameter (ReportID)" to="NotificationReport (ReportID)" />
  </relations>
  <layout>
    <table name="Notification">
      <table name="NotificationReport" uplink="(NotificationID) = (NotificationID)">
        <table name="NotificationReportParameter" uplink="(ReportID) = (ReportID)" />
      </table>
    </table>
  </layout>
  <data>
    <Notification>
      <row NotificationID="904033" Name="SU Survey Reminder" Subject="Friendly reminder for feedback regarding ((Collector.EntityType)): ((Collector.Source))" ScreenID="SU301000" NoteID="2ed1cbdd-e4f7-ec11-9013-408d5cb11534" ContactID="((Collector.ContactID))" AttachActivity="1">
        <column name="Body"><![CDATA[<HTML><head><style>/* RTE style begin */.rich ol, .rich ul { margin-top: 0px; margin-bottom: 0px;}
.rich .imgbrdr {
	border: solid 1px;
}
.richIcon {
	display: inline-block;
	background-image: url(Images/sprite_main5.png);
	background-repeat: no-repeat;
	width: 15px;
}
.richAttach {
	background-position: -2px -122px;
}
.richImg {
	background-position: -2px -1120px;
}
.richScreen {
	background-position: -24px -1032px;
}
.richArticle {
	background-position: -24px -1054px;
}

/* Correct box */
.rich .GrayBox {
	border: solid 1px #CCCCCC;
	background-color: #F9F9F9;
	padding: 4px;
	/*margin: 4px;*/
	width: 98%;
}
.rich .hintcell
{
	height: 36px;
	width: 32px;
	vertical-align: middle;
}

.rich .warncell
{
	height: 36px;
	width: 32px;
	vertical-align: middle;
}

.rich .boxcontent{ width: 100% }
.rich pre { font-size:1.3em }

.rich iframe{
	border: none;
}
.rich iframe.iframeBorder, .rich img.iframeBorder {
	border: solid black 1px;
}

.rtetable > tbody > tr > td, .rtetable > tr > td { white-space: nowrap }
.rtetable > tbody > tr:first-child > td, .rtetable > tr:first-child > td { background-color: silver }


.rich pre.source-highlighted {background-color: #F0F0FF;}
.rich pre.source-highlighted .nu, .rich .sourcetable .nu { color: brown; }
.rich pre.source-highlighted .kw, .rich .sourcetable .kw { color: blue; }
.rich pre.source-highlighted .cmt, .rich .sourcetable .cmt { color: green; }
.rich pre.source-highlighted .sl, .rich .sourcetable .sl { color: brown; }
.rich pre.source-highlighted .br, .rich .sourcetable .br {color: darkgreen; }

.rich pre.source-highlighted .add, .rich .sourcetable .add { background: palegreen; }
.rich pre.source-highlighted .del, .rich .sourcetable .del { background: pink; }

.rich table, .rich tr, .rich td, .rich img, .rich iframe {
	cursor: default;
}
.layout .rtecell {
	vertical-align: top;
	font-size: small;
}
.rtetable > tbody > tr > td, .rtetable > tr > td { vertical-align: top; }

.rich p{
	margin:0px 5px 0px 0px;
}
.rich .align-center{
	text-align: center;
}
.rich .align-right{
	text-align: right;
}
.rich .align-left{
	text-align: left;
}
.rich li[style*='text-align: center'], .rich li[style*='text-align: right'] {
list-style-position: inside;
}

.rtetable { empty-cells: show; border: solid 1px black; border-collapse:collapse; }
.rtetable > tbody > tr > td, .rtetable > tr > td { border: solid 1px black; height: 1.5em; min-width: 20px;  padding: 0px 5px }
.rich table {font-family: arial; font-size: small}
.rich blockquote.shift {
	margin-right: 0px;margin-top: 0px; margin-bottom: 0px;
}
.rich img[data-expand] {
	display: block;
}
.rich p, .rich p.richp  {font-family: arial; font-size: small}
.rich blockquote.shift h1, .rich blockquote.shift h2, .rich blockquote.shift h3, .rich blockquote.shift h4, .rich blockquote.shift h5, .rich blockquote.shift h6 {
    margin-top: 0px;
}
.rich, .rich * {
    word-wrap: break-word;
}



.sourcetable {background-color: #F0F0FF; font-family: monospace; width: 100%}
.sourcetable tr {
	margin: 0px;
	padding: 0px;
}
.sourcetable td {
	margin: 0px;
	padding: 0px;
	white-space: nowrap;
}
.sourcetable > tbody > tr > td:first-child, .sourcetable > tr > td:first-child
{
	width:1px;
}

.filelist {
	/*display:inline-block;*/ padding: 5px;
}

.rich .toc {
	/*display:inline-block;*/ padding: 5px;
}
.rich .toc .header,.rich  .wikilist .header,.rich  .filelist .header {
	font-size: 1.7em;
}
.rich .toc li,.rich  .filelist li {
	margin: 5px 0px;
}
.rich .wikilist div {
	margin: 10px;
}

.rich .layout {min-height: 2.5em; display:table; width:100%; border-spacing:5px; table-layout:fixed; empty-cells: show;}
.rich .layout .rtecell {display:table-cell; height: 2.5em}
.rich .layout .rteside {width: 25%}

/*
.rtetable {
	border-collapse:collapse;
}
.rtetable > tbody > tr > td, .rtetable > tr > td {
	border: 1px solid #ddd;
	padding: 7px 10px;
	vertical-align: top;
	text-align: left;
}*/
.rich blockquote.realbq {
	border-left-color: lightblue;
	border-left-width: 1px;
	border-left-style: solid;
	margin-top: 0px;
	margin-bottom: 0px;
	padding-left: 5px;
}
.rich body {font-family: arial; font-size: small}

.rich .GrayBox {
	margin-left: 8px;
}

.rich .sourcetable { font-size:1.3em;}


/* RTE style end */</style></head><body spellcheck="true"  class="rich" style="margin: 0px; padding: 0px; font-family: arial; font-size: small;"><title></title><!--[if !mso]><!-- --><meta http-equiv="X-UA-Compatible" content="IE=edge"><!--<![endif]--><meta http-equiv="Content-Type" content="text/html; charset=UTF-8"><meta name="viewport" content="width=device-width,initial-scale=1"><!--[if !mso]><!--><!--<![endif]--><!--[if mso]>
        <xml>
        <o:OfficeDocumentSettings>
          <o:AllowPNG/>
          <o:PixelsPerInch>96</o:PixelsPerInch>
        </o:OfficeDocumentSettings>
        </xml>
        <![endif]--><!--[if lte mso 11]>
        <style type="text/css">
          .outlook-group-fix { width:100% !important; }
        </style>
        <![endif]--><div style="background-color:#efefef;"><!--[if mso | IE]><table align="center" border="0" cellpadding="0" cellspacing="0" class="" style="width:600px;" width="600" ><tr><td style="line-height:0px;font-size:0px;mso-line-height-rule:exactly;"><![endif]--><div style="background:transparent;background-color:transparent;Margin:0px auto;max-width:600px;"><table align="center" border="0" cellpadding="0" cellspacing="0" role="presentation" style="background:transparent;background-color:transparent;width:100%;"><tbody><tr><td style="direction:ltr;font-size:0px;padding:20px 0;padding-bottom:5px;text-align:center;vertical-align:top;"><!--[if mso | IE]><table role="presentation" border="0" cellpadding="0" cellspacing="0"><tr><td class="" style="vertical-align:top;width:600px;" ><![endif]--><div class="mj-column-per-100 outlook-group-fix" style="font-size:13px;text-align:left;direction:ltr;display:inline-block;vertical-align:top;width:100%;"><table border="0" cellpadding="0" cellspacing="0" role="presentation" style="vertical-align:top;" width="100%"></table></div><!--[if mso | IE]></td></tr></table><![endif]--></td></tr></tbody></table></div><!--[if mso | IE]></td></tr></table><table align="center" border="0" cellpadding="0" cellspacing="0" class="" style="width:600px;" width="600" ><tr><td style="line-height:0px;font-size:0px;mso-line-height-rule:exactly;"><![endif]--><div style="background:#27AE60;background-color:#27AE60;Margin:0px auto;max-width:600px;"><table align="center" border="0" cellpadding="0" cellspacing="0" role="presentation" style="background:#27AE60;background-color:#27AE60;width:100%;"><tbody><tr><td style="direction:ltr;font-size:0px;padding:20px 0;text-align:center;vertical-align:top;"><!--[if mso | IE]><table role="presentation" border="0" cellpadding="0" cellspacing="0"><tr><td class="" style="vertical-align:top;width:600px;" ><![endif]--><div class="mj-column-per-100 outlook-group-fix" style="font-size:13px;text-align:left;direction:ltr;display:inline-block;vertical-align:top;width:100%;"><table border="0" cellpadding="0" cellspacing="0" role="presentation" style="vertical-align:top;" width="100%"><tbody><tr><td align="center" style="font-size:0px;padding:10px 25px;word-break:break-word;"><div style="font-family:Helvetica, Arial, sans-serif;font-size:24px;line-height:1;text-align:center;color:#ffffff;">Friendly reminder</div></td></tr></tbody></table></div><!--[if mso | IE]></td></tr></table><![endif]--></td></tr></tbody></table></div><!--[if mso | IE]></td></tr></table><table align="center" border="0" cellpadding="0" cellspacing="0" class="" style="width:600px;" width="600" ><tr><td style="line-height:0px;font-size:0px;mso-line-height-rule:exactly;"><![endif]--><div style="background:#ffffff;background-color:#ffffff;Margin:0px auto;max-width:600px;"><table align="center" border="0" cellpadding="0" cellspacing="0" role="presentation" style="background:#ffffff;background-color:#ffffff;width:100%;"><tbody><tr><td style="direction:ltr;font-size:0px;padding:20px 0;padding-bottom:0;text-align:center;vertical-align:top;"><!--[if mso | IE]><table role="presentation" border="0" cellpadding="0" cellspacing="0"><tr><td class="" style="vertical-align:top;width:600px;" ><![endif]--><div class="mj-column-per-100 outlook-group-fix" style="font-size:13px;text-align:left;direction:ltr;display:inline-block;vertical-align:top;width:100%;"><table border="0" cellpadding="0" cellspacing="0" role="presentation" style="vertical-align:top;" width="100%"><tbody><tr><td align="left" style="font-size:0px;padding:10px 25px;word-break:break-word;"><div style="font-family:Helvetica, Arial, sans-serif;font-size:14px;line-height:1;text-align:left;color:#333333;">Hello again, <span data-field="yes">((Collector.ContactID.FirstName))</span> <span data-field="yes">((Collector.ContactID.LastName))</span></div></td></tr><tr><td align="left" style="font-size:0px;padding:10px 25px;word-break:break-word;"><div style="font-family:Helvetica, Arial, sans-serif;font-size:14px;line-height:1;text-align:left;color:#333333;"><p>You contacted Acumatica Support Team recently and we sent a survey to get feedback on your experience.</p><br><p>This is just a friendly reminder in case you missed it.</p><br><p>It will just take 2-3 minutes of your time.</p></div></td></tr></tbody></table></div><!--[if mso | IE]></td></tr></table><![endif]--></td></tr></tbody></table></div><!--[if mso | IE]></td></tr></table><table align="center" border="0" cellpadding="0" cellspacing="0" class="" style="width:600px;" width="600" ><tr><td style="line-height:0px;font-size:0px;mso-line-height-rule:exactly;"><![endif]--><div style="background:#ffffff;background-color:#ffffff;Margin:0px auto;max-width:600px;"><table align="center" border="0" cellpadding="0" cellspacing="0" role="presentation" style="background:#ffffff;background-color:#ffffff;width:100%;"><tbody><tr><td style="direction:ltr;font-size:0px;padding:20px 0;padding-bottom:0;padding-top:0;text-align:center;vertical-align:top;"><!--[if mso | IE]><table role="presentation" border="0" cellpadding="0" cellspacing="0"><tr><td class="" style="vertical-align:top;width:600px;" ><![endif]--><div class="mj-column-per-100 outlook-group-fix" style="font-size:13px;text-align:left;direction:ltr;display:inline-block;vertical-align:top;width:100%;"><table border="0" cellpadding="0" cellspacing="0" role="presentation" style="vertical-align:top;" width="100%"><tbody><tr><td align="center" vertical-align="middle" style="font-size:0px;padding:15px 30px;padding-right:25px;padding-bottom:10px;padding-left:25px;word-break:break-word;"><table border="0" cellpadding="0" cellspacing="0" role="presentation" style="border-collapse:separate;line-height:100%;"><tbody><tr><td align="center" bgcolor="#ffffff" role="presentation" style="border:1px solid #007acc;border-radius:4px;cursor:auto;padding:10px 25px;background:#ffffff;" valign="middle"><a href="https://try.acumatica.com/cews3/Webhooks/Company/9d2fd3bc-aae4-4b34-ab66-f40879be1be2?CollectorToken=((Collector.Token))" style="background:#ffffff;color:#007acc;font-family:Helvetica, Arial, sans-serif;font-size:18px;font-weight:bold;line-height:120%;Margin:0;text-decoration:none;text-transform:none;" target="_blank">Begin Survey</a></td></tr></tbody></table></td></tr></tbody></table></div><!--[if mso | IE]></td></tr></table><![endif]--></td></tr></tbody></table></div><!--[if mso | IE]></td></tr></table><table align="center" border="0" cellpadding="0" cellspacing="0" class="" style="width:600px;" width="600" ><tr><td style="line-height:0px;font-size:0px;mso-line-height-rule:exactly;"><![endif]--><div style="background:#ffffff;background-color:#ffffff;Margin:0px auto;max-width:600px;"><table align="center" border="0" cellpadding="0" cellspacing="0" role="presentation" style="background:#ffffff;background-color:#ffffff;width:100%;"><tbody><tr><td style="direction:ltr;font-size:0px;padding:20px 0;padding-bottom:0;padding-top:0;text-align:center;vertical-align:top;"><!--[if mso | IE]><table role="presentation" border="0" cellpadding="0" cellspacing="0"><tr><td class="" style="vertical-align:top;width:600px;" ><![endif]--><div class="mj-column-per-100 outlook-group-fix" style="font-size:13px;text-align:left;direction:ltr;display:inline-block;vertical-align:top;width:100%;"><table border="0" cellpadding="0" cellspacing="0" role="presentation" style="vertical-align:top;" width="100%"><tbody><tr><td align="left" style="font-size:0px;padding:10px 25px;word-break:break-word;"><div style="font-family:Helvetica, Arial, sans-serif;font-size:14px;line-height:1;text-align:left;color:#333333;">Best Regards,<br><p><b>Aliya Rakimgulova</b><br>Director of Support Services<br>Acumatica<br>aliya@acumatica.com</p></div></td></tr></tbody></table></div><!--[if mso | IE]></td></tr></table><![endif]--></td></tr></tbody></table></div><!--[if mso | IE]></td></tr></table><table align="center" border="0" cellpadding="0" cellspacing="0" class="" style="width:600px;" width="600" ><tr><td style="line-height:0px;font-size:0px;mso-line-height-rule:exactly;"><![endif]--><div style="background:#f9f9f9;background-color:#f9f9f9;Margin:0px auto;max-width:600px;"><table align="center" border="0" cellpadding="0" cellspacing="0" role="presentation" style="background:#f9f9f9;background-color:#f9f9f9;width:100%;"><tbody><tr><td style="direction:ltr;font-size:0px;padding:20px 0;padding-bottom:5px;padding-top:0;text-align:center;vertical-align:top;"><!--[if mso | IE]><table role="presentation" border="0" cellpadding="0" cellspacing="0"><tr><td class="" style="vertical-align:top;width:600px;" ><![endif]--><div class="mj-column-per-100 outlook-group-fix" style="font-size:13px;text-align:left;direction:ltr;display:inline-block;vertical-align:top;width:100%;"><table border="0" cellpadding="0" cellspacing="0" role="presentation" style="vertical-align:top;" width="100%"><tbody><tr><td align="center" style="font-size:0px;padding:10px 25px;padding-top:20px;padding-right:25px;padding-bottom:20px;padding-left:25px;word-break:break-word;"><div style="font-family:Helvetica;font-size:12px;line-height:1;text-align:center;color:#999999;">This message has been generated automatically.</div></td></tr></tbody></table></div><!--[if mso | IE]></td></tr></table><![endif]--></td></tr></tbody></table></div><!--[if mso | IE]></td></tr></table><![endif]--></div><editor-card style="position:absolute;top:0px;left:0px;z-index:auto;display: block !important"><div dir="ltr" style="all: initial;"><div style="color: initial; font: initial; font-feature-settings: initial; font-kerning: initial; font-optical-sizing: initial; font-variation-settings: initial; forced-color-adjust: initial; text-orientation: initial; text-rendering: initial; -webkit-font-smoothing: initial; -webkit-locale: initial; -webkit-text-orientation: initial; -webkit-writing-mode: initial; writing-mode: initial; zoom: initial; place-content: initial; place-items: initial; place-self: initial; alignment-baseline: initial; animation: initial; appearance: initial; aspect-ratio: initial; backdrop-filter: initial; backface-visibility: initial; background: initial; background-blend-mode: initial; baseline-shift: initial; block-size: initial; border-block: initial; border: initial; border-radius: initial; border-collapse: initial; border-end-end-radius: initial; border-end-start-radius: initial; border-inline: initial; border-start-end-radius: initial; border-start-start-radius: initial; inset: initial; box-shadow: initial; box-sizing: initial; break-after: initial; break-before: initial; break-inside: initial; buffered-rendering: initial; caption-side: initial; caret-color: initial; clear: initial; clip: initial; clip-path: initial; clip-rule: initial; color-interpolation: initial; color-interpolation-filters: initial; color-rendering: initial; color-scheme: initial; columns: initial; column-fill: initial; gap: initial; column-rule: initial; column-span: initial; contain: initial; contain-intrinsic-size: initial; content: initial; content-visibility: initial; counter-increment: initial; counter-reset: initial; counter-set: initial; cursor: initial; cx: initial; cy: initial; d: initial; display: initial; dominant-baseline: initial; empty-cells: initial; fill: initial; fill-opacity: initial; fill-rule: initial; filter: initial; flex: initial; flex-flow: initial; float: initial; flood-color: initial; flood-opacity: initial; grid: initial; grid-area: initial; height: initial; hyphens: initial; image-orientation: initial; image-rendering: initial; inline-size: initial; inset-block: initial; inset-inline: initial; isolation: initial; letter-spacing: initial; lighting-color: initial; line-break: initial; list-style: initial; margin-block: initial; margin: initial; margin-inline: initial; marker: initial; mask: initial; mask-type: initial; max-block-size: initial; max-height: initial; max-inline-size: initial; max-width: initial; min-block-size: initial; min-height: initial; min-inline-size: initial; min-width: initial; mix-blend-mode: initial; object-fit: initial; object-position: initial; offset: initial; opacity: initial; order: initial; origin-trial-test-property: initial; orphans: initial; outline: initial; outline-offset: initial; overflow-anchor: initial; overflow-clip-margin: initial; overflow-wrap: initial; overflow: initial; overscroll-behavior-block: initial; overscroll-behavior-inline: initial; overscroll-behavior: initial; padding-block: initial; padding: initial; padding-inline: initial; page: initial; page-orientation: initial; paint-order: initial; perspective: initial; perspective-origin: initial; pointer-events: initial; position: absolute; quotes: initial; r: initial; resize: initial; ruby-position: initial; rx: initial; ry: initial; scroll-behavior: initial; scroll-margin-block: initial; scroll-margin: initial; scroll-margin-inline: initial; scroll-padding-block: initial; scroll-padding: initial; scroll-padding-inline: initial; scroll-snap-align: initial; scroll-snap-stop: initial; scroll-snap-type: initial; shape-image-threshold: initial; shape-margin: initial; shape-outside: initial; shape-rendering: initial; size: initial; speak: initial; stop-color: initial; stop-opacity: initial; stroke: initial; stroke-dasharray: initial; stroke-dashoffset: initial; stroke-linecap: initial; stroke-linejoin: initial; stroke-miterlimit: initial; stroke-opacity: initial; stroke-width: initial; tab-size: initial; table-layout: initial; text-align: initial; text-align-last: initial; text-anchor: initial; text-combine-upright: initial; text-decoration: initial; text-decoration-skip-ink: initial; text-indent: initial; text-overflow: initial; text-shadow: initial; text-size-adjust: initial; text-transform: initial; text-underline-offset: initial; text-underline-position: initial; touch-action: initial; transform: initial; transform-box: initial; transform-origin: initial; transform-style: initial; transition: initial; user-select: initial; vector-effect: initial; vertical-align: initial; visibility: initial; -webkit-app-region: initial; border-spacing: initial; -webkit-border-image: initial; -webkit-box-align: initial; -webkit-box-decoration-break: initial; -webkit-box-direction: initial; -webkit-box-flex: initial; -webkit-box-ordinal-group: initial; -webkit-box-orient: initial; -webkit-box-pack: initial; -webkit-box-reflect: initial; -webkit-highlight: initial; -webkit-hyphenate-character: initial; -webkit-line-break: initial; -webkit-line-clamp: initial; -webkit-mask-box-image: initial; -webkit-mask: initial; -webkit-mask-composite: initial; -webkit-perspective-origin-x: initial; -webkit-perspective-origin-y: initial; -webkit-print-color-adjust: initial; -webkit-rtl-ordering: initial; -webkit-ruby-position: initial; -webkit-tap-highlight-color: initial; -webkit-text-combine: initial; -webkit-text-decorations-in-effect: initial; -webkit-text-emphasis: initial; -webkit-text-emphasis-position: initial; -webkit-text-fill-color: initial; -webkit-text-security: initial; -webkit-text-stroke: initial; -webkit-transform-origin-x: initial; -webkit-transform-origin-y: initial; -webkit-transform-origin-z: initial; -webkit-user-drag: initial; -webkit-user-modify: initial; white-space: initial; widows: initial; width: initial; will-change: initial; word-break: initial; word-spacing: initial; x: initial; y: initial; z-index: 2147483647;"><link rel="stylesheet" href="chrome-extension;//gpaiobkfhnonedkhhfjpmhdalgeoebfa/fonts/fabric-icons.css"></div></div></editor-card></body></HTML>]]></column>
      </row>
    </Notification>
  </data>
</data-set>