﻿<?xml version="1.0" encoding="utf-8" standalone="yes"?>
<data-set>
  <relations format-version="3" relations-version="20160101" main-table="CSAttribute">
    <link from="CSScreenAttribute (AttributeID)" to="CSAttribute (AttributeID)" />
    <link from="CSAttributeDetail (AttributeID)" to="CSAttribute (AttributeID)" />
    <link from="CSAttribute (NoteID)" to="CSAttributeKvExt (RecordID)" type="RowKvExt" />
    <link from="CSAttributeDetail (NoteID)" to="CSAttributeDetailKvExt (RecordID)" type="RowKvExt" />
  </relations>
  <layout>
    <table name="CSAttribute">
      <table name="CSScreenAttribute" uplink="(AttributeID) = (AttributeID)" />
      <table name="CSAttributeDetail" uplink="(AttributeID) = (AttributeID)">
        <table name="CSAttributeDetailKvExt" uplink="(NoteID) = (RecordID)" />
      </table>
      <table name="CSAttributeKvExt" uplink="(NoteID) = (RecordID)" />
    </table>
  </layout>
  <data>
    <CSAttribute>
      <row AttributeID="SUYESNO" Description="Simple Yes/No Response" ControlType="2" List="1&#x0;Yes, I did.	2&#x0;Yes, But...[add additional text here]	0&#x0;No, I did not." IsInternal="0" ContainsPersonalData="0" NoteID="6ef7cfe3-dfe4-eb11-817a-d09cea870bd9">
        <CSAttributeDetail ValueID="2" Description="Yes, But...[add additional text here]" SortOrder="2" Disabled="1" NoteID="73f7cfe3-dfe4-eb11-817a-d09cea870bd9" />
        <CSAttributeDetail ValueID="1" Description="Yes, I did." SortOrder="1" Disabled="0" NoteID="71f7cfe3-dfe4-eb11-817a-d09cea870bd9" />
        <CSAttributeDetail ValueID="0" Description="No, I did not." SortOrder="3" Disabled="0" NoteID="75f7cfe3-dfe4-eb11-817a-d09cea870bd9" />
      </row>
    </CSAttribute>
  </data>
</data-set>