﻿<?xml version="1.0" encoding="utf-8" standalone="yes"?>
<data-set>
  <relations format-version="3" relations-version="20160101" main-table="SurveyComponent" file-name="SurveyComponent-(ComponentID)" />
  <layout>
    <table name="SurveyComponent" />
  </layout>
  <data>
    <SurveyComponent>
      <row ComponentID="SUCHECKBOXES" ComponentType="QU" Active="1" Description="SurveyCheckBoxes" Body="{{ PNbr = SurveyDetail.PageNbr }}&#xA;{{ QNbr = SurveyDetail.QuestionNbr }}&#xA;{{ LNbr = SurveyDetail.LineNbr }}&#xA;&lt;div class=&quot;px-5&quot;&gt;&#xA;                    &lt;div class=&quot;field mb-5&quot;&gt;&#xA;                        &lt;label class=&quot;label&quot;&gt;* {{QNbr}}. {{SurveyDetail.Description}}&lt;/label&gt;&#xA;{{ for QDet in Question.Details }}&#xA;    {{ IDNbr = QDet.ValueID }}&#xA;    {{ UniqueID = PNbr + '.' + QNbr + '.' + LNbr + '.' + IDNbr }}&#xA;                        &lt;div class=&quot;field&quot;&gt;&#xA;                            &lt;input type=&quot;checkbox&quot; class=&quot;is-checkbox is-black&quot; id=&quot;control.checkbox.{{UniqueID}}&quot; name=&quot;{{PNbr}}.{{QNbr}}.{{LNbr}}&quot; aria-labelledby=&quot;control.checkbox.label.{{UniqueID}}&quot; value=&quot;{{IDNbr}}&quot; {{ if SurveyDetail.Required }}{{~ required=&quot;required&quot; ~}}&quot; {{ end }}/&gt;&#xA;                            &lt;label id=&quot;control.checkbox.label.{{UniqueID}}&quot; for=&quot;control.checkbox.{{UniqueID}}&quot;&gt;{{IDNbr}} = {{QDet.Description}}&lt;/label&gt;&#xA;                        &lt;/div&gt;&#xA;{{ end # for }}&#xA;                    &lt;/div&gt;&#xA;                &lt;/div&gt;" NoteID="792c53d5-21c5-eb11-a38d-3c6aa7cb36ca" />
    </SurveyComponent>
  </data>
</data-set>