﻿<?xml version="1.0" encoding="utf-8" standalone="yes"?>
<data-set>
  <relations format-version="3" relations-version="20160101" main-table="CSAttribute">
    <link from="CSScreenAttribute (AttributeID)" to="CSAttribute (AttributeID)" />
    <link from="CSAttributeDetail (AttributeID)" to="CSAttribute (AttributeID)" />
    <link from="CSAttribute (NoteID)" to="CSAttributeKvExt (RecordID)" type="RowKvExt" />
    <link from="CSAttributeDetail (NoteID)" to="CSAttributeDetailKvExt (RecordID)" type="RowKvExt" />
  </relations>
  <layout>
    <table name="CSAttribute">
      <table name="CSScreenAttribute" uplink="(AttributeID) = (AttributeID)" />
      <table name="CSAttributeDetail" uplink="(AttributeID) = (AttributeID)">
        <table name="CSAttributeDetailKvExt" uplink="(NoteID) = (RecordID)" />
      </table>
      <table name="CSAttributeKvExt" uplink="(NoteID) = (RecordID)" />
    </table>
  </layout>
  <data>
    <CSAttribute>
      <row AttributeID="SUQUALITY" Description="Quality of Session or Event" ControlType="2" List="5&#x0;Excellent	4&#x0;Good	3&#x0;OK	2&#x0;Poor	1&#x0;Bad" IsInternal="0" ContainsPersonalData="0" NoteID="55bf5369-fae4-eb11-817a-d09cea870bd9">
        <CSAttributeDetail ValueID="5" Description="Excellent" SortOrder="1" Disabled="0" NoteID="2d50e96f-fae4-eb11-817a-d09cea870bd9" />
        <CSAttributeDetail ValueID="4" Description="Good" SortOrder="2" Disabled="0" NoteID="2f50e96f-fae4-eb11-817a-d09cea870bd9" />
        <CSAttributeDetail ValueID="3" Description="OK" SortOrder="3" Disabled="0" NoteID="3150e96f-fae4-eb11-817a-d09cea870bd9" />
        <CSAttributeDetail ValueID="2" Description="Poor" SortOrder="4" Disabled="0" NoteID="3350e96f-fae4-eb11-817a-d09cea870bd9" />
        <CSAttributeDetail ValueID="1" Description="Bad" SortOrder="5" Disabled="0" NoteID="3550e96f-fae4-eb11-817a-d09cea870bd9" />
      </row>
    </CSAttribute>
  </data>
</data-set>