﻿<?xml version="1.0" encoding="utf-8" standalone="yes"?>
<data-set>
  <relations format-version="3" relations-version="20160101" main-table="CSAttribute">
    <link from="CSScreenAttribute (AttributeID)" to="CSAttribute (AttributeID)" />
    <link from="CSAttributeDetail (AttributeID)" to="CSAttribute (AttributeID)" />
    <link from="CSAttribute (NoteID)" to="CSAttributeKvExt (RecordID)" type="RowKvExt" />
    <link from="CSAttributeDetail (NoteID)" to="CSAttributeDetailKvExt (RecordID)" type="RowKvExt" />
  </relations>
  <layout>
    <table name="CSAttribute">
      <table name="CSScreenAttribute" uplink="(AttributeID) = (AttributeID)" />
      <table name="CSAttributeDetail" uplink="(AttributeID) = (AttributeID)">
        <table name="CSAttributeDetailKvExt" uplink="(NoteID) = (RecordID)" />
      </table>
      <table name="CSAttributeKvExt" uplink="(NoteID) = (RecordID)" />
    </table>
  </layout>
  <data>
    <CSAttribute>
      <row AttributeID="SUEASYNESS" Description="Easyness" ControlType="2" IsInternal="0" ContainsPersonalData="0" NoteID="e567f8d8-cfc1-eb11-a38b-3c6aa7cb36ca">
        <CSAttributeDetail ValueID="5" Description="Very Easy" SortOrder="1" Disabled="0" NoteID="e867f8d8-cfc1-eb11-a38b-3c6aa7cb36ca" />
        <CSAttributeDetail ValueID="4" Description="Easy" SortOrder="2" Disabled="0" NoteID="ea67f8d8-cfc1-eb11-a38b-3c6aa7cb36ca" />
        <CSAttributeDetail ValueID="3" Description="Neutral (Neither Easy nor Difficult)" SortOrder="3" Disabled="0" NoteID="ec67f8d8-cfc1-eb11-a38b-3c6aa7cb36ca" />
        <CSAttributeDetail ValueID="2" Description="Difficult" SortOrder="4" Disabled="0" NoteID="ee67f8d8-cfc1-eb11-a38b-3c6aa7cb36ca" />
        <CSAttributeDetail ValueID="1" Description="Very Difficult" SortOrder="5" Disabled="0" NoteID="f067f8d8-cfc1-eb11-a38b-3c6aa7cb36ca" />
      </row>
    </CSAttribute>
  </data>
</data-set>