﻿<?xml version="1.0" encoding="utf-8" standalone="yes"?>
<data-set>
  <relations format-version="3" relations-version="20160101" main-table="CSAttribute">
    <link from="CSScreenAttribute (AttributeID)" to="CSAttribute (AttributeID)" />
    <link from="CSAttributeDetail (AttributeID)" to="CSAttribute (AttributeID)" />
    <link from="CSAttribute (NoteID)" to="CSAttributeKvExt (RecordID)" type="RowKvExt" />
    <link from="CSAttributeDetail (NoteID)" to="CSAttributeDetailKvExt (RecordID)" type="RowKvExt" />
  </relations>
  <layout>
    <table name="CSAttribute">
      <table name="CSScreenAttribute" uplink="(AttributeID) = (AttributeID)" />
      <table name="CSAttributeDetail" uplink="(AttributeID) = (AttributeID)">
        <table name="CSAttributeDetailKvExt" uplink="(NoteID) = (RecordID)" />
      </table>
      <table name="CSAttributeKvExt" uplink="(NoteID) = (RecordID)" />
    </table>
  </layout>
  <data>
    <CSAttribute>
      <row AttributeID="SURESOLVE" Description="Issue resolved" ControlType="2" IsInternal="0" ContainsPersonalData="0" NoteID="7ed7f459-33c2-eb11-a38b-3c6aa7cb36ca">
        <CSAttributeDetail ValueID="2" Description="Yes, with multiple contacts to Acumatica Support" SortOrder="2" Disabled="0" NoteID="1c015864-33c2-eb11-a38b-3c6aa7cb36ca" />
        <CSAttributeDetail ValueID="1" Description="Yes, with only one contact to Acumatica Support" SortOrder="1" Disabled="0" NoteID="1a015864-33c2-eb11-a38b-3c6aa7cb36ca" />
        <CSAttributeDetail ValueID="0" Description="No, my issue was not resolved" SortOrder="3" Disabled="0" NoteID="1e015864-33c2-eb11-a38b-3c6aa7cb36ca" />
      </row>
    </CSAttribute>
  </data>
</data-set>