﻿<?xml version="1.0" encoding="utf-8" standalone="yes"?>
<data-set>
  <relations format-version="3" relations-version="20160101" main-table="SurveyComponent" file-name="SurveyComponent-(ComponentID)" />
  <layout>
    <table name="SurveyComponent" />
  </layout>
  <data>
    <SurveyComponent>
      <row ComponentID="SURADIOBUTTONS" ComponentType="QU" Active="1" Description="SurveyRadioButtons" Body="{{ PNbr = SurveyDetail.PageNbr }}&#xA;{{ QNbr = SurveyDetail.QuestionNbr }}&#xA;{{ LNbr = SurveyDetail.LineNbr }}&#xA;&lt;div class=&quot;px-5&quot;&gt;&#xA;                    &lt;div class=&quot;field mb-5&quot;&gt;&#xA;                        &lt;label class=&quot;label&quot;&gt;* {{QNbr}}. {{SurveyDetail.Description}}&lt;/label&gt;&#xA;{{ for QDet in Question.Details }}&#xA;    {{ IDNbr = QDet.ValueID }}&#xA;    {{ UniqueID = PNbr + '.' + QNbr + '.' + LNbr + '.' + IDNbr }}&#xA;                        &lt;div class=&quot;field&quot;&gt;&#xA;                            &lt;input type=&quot;radio&quot; class=&quot;is-checkradio is-black&quot; id=&quot;control.radio.{{UniqueID}}&quot; name=&quot;{{PNbr}}.{{QNbr}}.{{LNbr}}&quot; aria-labelledby=&quot;control.radio.label.{{UniqueID}}&quot; value=&quot;{{IDNbr}}&quot; {{ if SurveyDetail.Required }}{{~ required=&quot;required&quot; ~}}{{ end }}/&gt;&#xA;                            &lt;label id=&quot;control.radio.label.{{UniqueID}}&quot; for=&quot;control.radio.{{UniqueID}}&quot;&gt;{{IDNbr}} = {{QDet.Description}}&lt;/label&gt;&#xA;                        &lt;/div&gt;&#xA;{{ end # for }}&#xA;                    &lt;/div&gt;&#xA;                &lt;/div&gt;" NoteID="c60f9902-d0c1-eb11-a38b-3c6aa7cb36ca" />
    </SurveyComponent>
  </data>
</data-set>